FILE_NAME,DATE_ANNOTATED,MKGROUP,TOTAL_NUM_MK,IDABLE_NUM_MK,MKIDS,
20220308_SD02_3022.JPG,2022-06-20,Best Frans,1,1,[14F],
20220308_SD02_3023.JPG,2022-06-20,Best Frans,1,1,[19J],
20220308_SD02_3026.JPG,2022-06-20,Best Frans,1,1,[101G],
20220308_SD02_3027.JPG,2022-06-20,Best Frans,1,1,[101G],
20220308_SD02_3029.JPG,2022-06-20,Best Frans,1,1,[14F],
20220308_SD02_3031.JPG,2022-06-20,Best Frans,1,1,[G701],
20220308_SD02_3032.JPG,2022-06-20,Best Frans,2,2,"[G701, 68F]",
20220308_SD02_3033.JPG,2022-06-20,Best Frans,2,2,"[G701, 68F]",
20220308_SD02_3034.JPG,2022-06-20,Best Frans,1,1,[14F],
20220308_SD02_3035.JPG,2022-06-20,Best Frans,1,1,[14F],
20220308_SD02_3036.JPG,2022-06-20,Best Frans,1,1,[14F],
20220308_SD02_3039.JPG,2022-06-20,Best Frans,2,2,"[14F, 19J]",
20220317_SD02_3285.JPG,2022-06-20,Best Frans,2,2,"[14F, 19J]",
20220317_SD02_3286.JPG,2022-06-20,Best Frans,2,2,"[68F, 101G]",
20220317_SD02_3287.JPG,2022-06-20,Best Frans,2,2,"[68F, 101G]",
20220317_SD02_3288.JPG,2022-06-20,Best Frans,2,2,"[68F, 101G]",
20220317_SD02_3289.JPG,2022-06-20,Best Frans,2,2,"[68F, 101G]",
20220317_SD02_3290.JPG,2022-06-20,Best Frans,2,2,"[68F, 101G]",
20220317_SD02_3291.JPG,2022-06-20,Best Frans,2,2,"[68F, 101G]",
20220317_SD02_3293.JPG,2022-06-20,Best Frans,1,1,[G701],
20220317_SD02_3295.JPG,2022-06-20,Best Frans,1,1,[68F],
20220317_SD02_3296.JPG,2022-06-20,Best Frans,1,1,[68F],
20220317_SD02_3300.JPG,2022-06-20,Best Frans,1,1,[G701],
20220317_SD02_3303.JPG,2022-06-20,Best Frans,1,1,[G701],
20220317_SD02_3304.JPG,2022-06-20,Best Frans,1,1,[G701],
20220317_SD02_3305.JPG,2022-06-20,Best Frans,2,1,[14F],
20220317_SD02_3306.JPG,2022-06-20,Best Frans,1,1,[14F],
20220317_SD02_3307.JPG,2022-06-20,Best Frans,1,1,[14F],
20220317_SD02_3309.JPG,2022-06-20,Best Frans,1,1,[14F],
20220317_SD02_3310.JPG,2022-06-20,Best Frans,1,1,[19J],
20220317_SD02_3311.JPG,2022-06-20,Best Frans,1,1,[19J],
20220317_SD02_3312.JPG,2022-06-20,Best Frans,1,1,[68F],
20220317_SD02_3313.JPG,2022-06-20,Best Frans,2,1,[101G],
20220317_SD02_3315.JPG,2022-06-20,Best Frans,1,1,[G701],
20220317_SD02_3318.JPG,2022-06-20,Best Frans,1,1,[68F],
20220317_SD02_3319.JPG,2022-06-20,Best Frans,1,1,[101G],
20220421_SD02_4690.JPG,2022-06-20,Best Frans,1,1,[101G],
20220421_SD02_4691.JPG,2022-06-20,Best Frans,1,1,[101G],
20220421_SD02_4693.JPG,2022-06-20,Best Frans,1,1,[101G],
20220421_SD02_4695.JPG,2022-06-20,Best Frans,1,1,[101G],
20220421_SD02_4698.JPG,2022-06-20,Best Frans,1,1,[101G],
20220421_SD02_4699.JPG,2022-06-20,Best Frans,1,1,[101G],
20220421_SD02_4700.JPG,2022-06-20,Best Frans,1,1,[101G],
20220421_SD02_4701.JPG,2022-06-20,Best Frans,1,1,[101G],
20220421_SD02_4702.JPG,2022-06-20,Best Frans,1,1,[68F],
20220421_SD02_4703.JPG,2022-06-20,Best Frans,1,1,[68F],
20220421_SD02_4704.JPG,2022-06-20,Best Frans,1,1,[68F],
20220421_SD02_4705.JPG,2022-06-20,Best Frans,1,1,[101G],
20220421_SD02_4706.JPG,2022-06-20,Best Frans,1,1,[101G],
20220421_SD02_4707.JPG,2022-06-20,Best Frans,1,1,[68F],
20220421_SD02_4708.JPG,2022-06-20,Best Frans,1,1,[68F],
20220421_SD02_4709.JPG,2022-06-20,Best Frans,1,1,[68F],
20220421_SD02_4710.JPG,2022-06-20,Best Frans,1,1,[68F],
20220421_SD02_4711.JPG,2022-06-20,Best Frans,1,1,[68F],
20220421_SD02_4712.JPG,2022-06-20,Best Frans,1,1,[68F],
20220421_SD02_4714.JPG,2022-06-20,Best Frans,1,1,[68F],
20220421_SD02_4719.JPG,2022-06-20,Best Frans,1,1,[101G],
20220421_SD02_4720.JPG,2022-06-20,Best Frans,1,1,[101G],
20220421_SD02_4721.JPG,2022-06-20,Best Frans,1,1,[68F],
20220421_SD02_4723.JPG,2022-06-20,Best Frans,1,1,[101G],
20220421_SD02_4724.JPG,2022-06-20,Best Frans,1,1,[101G],
20220421_SD02_4726.JPG,2022-06-20,Best Frans,1,1,[101G],
20220421_SD02_4727.JPG,2022-06-20,Best Frans,1,1,[101G],
20220421_SD02_4735.JPG,2022-06-20,Best Frans,1,1,[101G],
20220421_SD02_4737.JPG,2022-06-20,Best Frans,1,1,[G701],
20220421_SD02_4920.JPG,2022-06-20,Best Frans,1,1,[G701],
20220421_SD02_4921.JPG,2022-06-20,Best Frans,1,1,[68F],
20220421_SD02_4932.JPG,2022-06-20,Best Frans,1,1,[G701],
20220421_SD02_4933.JPG,2022-06-20,Best Frans,1,1,[101G],
20220421_SD02_4934.JPG,2022-06-20,Best Frans,1,1,[68F],
20220421_SD02_4935.JPG,2022-06-20,Best Frans,1,1,[68F],
20220421_SD02_4937.JPG,2022-06-20,Best Frans,1,1,[14F],
20220421_SD02_4940.JPG,2022-06-20,Best Frans,1,1,[14F],
20220421_SD02_4943.JPG,2022-06-20,Best Frans,1,1,[68F],
20220421_SD02_4945.JPG,2022-06-20,Best Frans,1,1,[68F],
20220421_SD02_4953.JPG,2022-06-20,Best Frans,1,1,[68F],
20220421_SD02_4956.JPG,2022-06-20,Best Frans,1,1,[101G],
20220421_SD02_4957.JPG,2022-06-20,Best Frans,1,1,[101G],
20220421_SD02_4958.JPG,2022-06-20,Best Frans,1,1,[101G],
20220421_SD02_4959.JPG,2022-06-20,Best Frans,1,1,[101G],
20220421_SD02_4960.JPG,2022-06-20,Best Frans,1,1,[101G],
20220421_SD02_4965.JPG,2022-06-20,Best Frans,1,1,[101G],
20220421_SD02_4966.JPG,2022-06-20,Best Frans,1,1,[101G],
20220421_SD02_4971.JPG,2022-06-20,Best Frans,1,1,[19J],
20220421_SD02_4972.JPG,2022-06-20,Best Frans,1,1,[19J],
20220421_SD02_4974.JPG,2022-06-20,Best Frans,1,1,[G701],
20220421_SD02_4976.JPG,2022-06-20,Best Frans,1,1,[G701],
20220421_SD02_4977.JPG,2022-06-20,Best Frans,1,1,[G701],
20220421_SD02_4980.JPG,2022-06-20,Best Frans,1,1,[14F],
20220421_SD02_4981.JPG,2022-06-20,Best Frans,2,1,[G701],
20220421_SD02_4982.JPG,2022-06-20,Best Frans,1,1,[14F],
20220421_SD02_4983.JPG,2022-06-20,Best Frans,2,1,[G701],
20220421_SD02_4984.JPG,2022-06-20,Best Frans,1,1,[14F],
20220421_SD02_4986.JPG,2022-06-20,Best Frans,2,2,"[14F, 19J]",
20220421_SD02_4987.JPG,2022-06-20,Best Frans,2,2,"[14F, 19J]",
20220421_SD02_4988.JPG,2022-06-20,Best Frans,1,1,[19J],
20220421_SD02_4989.JPG,2022-06-20,Best Frans,1,1,[G701],
20220421_SD02_4990.JPG,2022-06-20,Best Frans,1,1,[G701],
20220421_SD02_4992.JPG,2022-06-20,Best Frans,1,1,[68F],
20220421_SD02_5000.JPG,2022-06-20,Best Frans,1,1,[101G],
20220421_SD02_5002.JPG,2022-06-20,Best Frans,1,1,[101G],
20220421_SD02_5004.JPG,2022-06-20,Best Frans,2,2,"[14F, 19J]",
20220421_SD02_5005.JPG,2022-06-20,Best Frans,2,2,"[14F, 19J]",
20220421_SD02_5006.JPG,2022-06-20,Best Frans,2,2,"[14F, 19J]",
20220426_SD02_5261.JPG,2022-06-20,Best Frans,1,1,[19J],
20220426_SD02_5262.JPG,2022-06-20,Best Frans,1,1,[19J],
20220426_SD02_5263.JPG,2022-06-20,Best Frans,1,1,[68F],
20220426_SD02_5267.JPG,2022-06-20,Best Frans,1,1,[68F],
20220426_SD02_5269.JPG,2022-06-20,Best Frans,1,1,[101G],
20220426_SD02_5271.JPG,2022-06-20,Best Frans,1,1,[14F],
20220426_SD02_5272.JPG,2022-06-20,Best Frans,1,1,[19J],
20220426_SD02_5273.JPG,2022-06-20,Best Frans,1,1,[68F],
20220426_SD02_5275.JPG,2022-06-20,Best Frans,1,1,[G701],Unknown
20220426_SD02_5276.JPG,2022-06-20,Best Frans,1,1,[14F],
20220426_SD02_5277.JPG,2022-06-20,Best Frans,1,1,[14F],
20220426_SD02_5279.JPG,2022-06-20,Best Frans,1,1,[101G],
20220426_SD02_5280.JPG,2022-06-20,Best Frans,1,1,[101G],
20220426_SD02_5287.JPG,2022-06-20,Best Frans,2,2,"[14F, 19J]",
20220426_SD02_5288.JPG,2022-06-20,Best Frans,2,2,"[14F, 19J]",
20220426_SD02_5290.JPG,2022-06-20,Best Frans,1,1,[G701],
20220426_SD02_5292.JPG,2022-06-20,Best Frans,1,1,[19J],
20220426_SD02_5294.JPG,2022-06-20,Best Frans,2,2,"[14F, 101G]",
20220426_SD02_5298.JPG,2022-06-20,Best Frans,2,1,[14F],101G
20220426_SD02_5299.JPG,2022-06-20,Best Frans,1,1,[14F],
20220426_SD02_5300.JPG,2022-06-20,Best Frans,2,1,[14F],101G
20220426_SD02_5301.JPG,2022-06-20,Best Frans,2,2,"[14F, 101G]",
20220426_SD02_5306.JPG,2022-06-20,Best Frans,1,1,[68F],Toy-Grenade
20220426_SD02_5314.JPG,2022-06-20,Best Frans,1,1,[101G],
20220426_SD02_5315.JPG,2022-06-20,Best Frans,1,1,[19J],
20220426_SD02_5316.JPG,2022-06-20,Best Frans,1,1,[19J],
20220503_SD03_5785.JPG,2022-06-20,Best Frans,1,1,[G701],
20220503_SD03_5787.JPG,2022-06-20,Best Frans,1,1,[19J],Toy-Grenade
20220503_SD03_5788.JPG,2022-06-20,Best Frans,1,1,[19J],Toy-Grenade
20220623_SD02_7987.JPG,2022-06-26,Best Frans,1,1,[101G],
20220623_SD02_7989.JPG,2022-06-26,Best Frans,1,1,[101G],
20220623_SD02_7990.JPG,2022-06-26,Best Frans,1,1,[101G],
20220623_SD02_7991.JPG,2022-06-26,Best Frans,1,1,[101G],
20220623_SD02_7993.JPG,2022-06-26,Best Frans,1,1,[101G],
20220623_SD02_7996.JPG,2022-06-26,Best Frans,1,1,[101G],
20220623_SD02_7997.JPG,2022-06-26,Best Frans,1,1,[101G],
20220623_SD02_8001.JPG,2022-06-26,Best Frans,2,2,"[14F, KBaby]",
20220623_SD02_8002.JPG,2022-06-26,Best Frans,2,2,"[14F, KBaby]",
20220623_SD02_8004.JPG,2022-06-26,Best Frans,3,3,"[14F, 101G, KBaby]",
20220623_SD02_8005.JPG,2022-06-26,Best Frans,3,3,"[14F, 101G, KBaby]",
20220623_SD02_8007.JPG,2022-06-26,Best Frans,3,3,"[14F, 101G, KBaby]",
20220623_SD02_8011.JPG,2022-06-26,Best Frans,3,3,"[14F, 101G, KBaby]",
20220623_SD02_8014.JPG,2022-06-26,Best Frans,3,3,"[14F, 101G, KBaby]",
20220623_SD02_8015.JPG,2022-06-26,Best Frans,3,3,"[14F, 101G, KBaby]",
20220623_SD02_8016.JPG,2022-06-26,Best Frans,3,3,"[14F, 101G, KBaby]",Toy-Grenade
20220623_SD02_8017.JPG,2022-06-26,Best Frans,3,3,"[14F, 101G, KBaby]",
20220623_SD02_8018.JPG,2022-06-26,Best Frans,3,3,"[14F, 101G, KBaby]",
20220623_SD02_8021.JPG,2022-06-26,Best Frans,1,1,[101G],
20220623_SD02_8023.JPG,2022-06-26,Best Frans,1,1,[101G],
20220623_SD02_8024.JPG,2022-06-26,Best Frans,1,1,[101G],Toy-Grenade
20220623_SD02_8026.JPG,2022-06-26,Best Frans,1,1,[101G],Toy-Grenade
20220623_SD02_8027.JPG,2022-06-26,Best Frans,1,1,[101G],Toy-Grenade
20220623_SD02_8028.JPG,2022-06-26,Best Frans,1,1,[101G],Toy-Grenade
20220623_SD02_8030.JPG,2022-06-26,Best Frans,1,1,[101G],
20220623_SD02_8034.JPG,2022-06-26,Best Frans,1,1,[101G],
20220623_SD02_8039.JPG,2022-06-26,Best Frans,1,1,[101G],
20220623_SD02_8040.JPG,2022-06-26,Best Frans,1,1,[101G],
20220623_SD02_8041.JPG,2022-06-26,Best Frans,4,4,"[14F, 68F, 122K, KBaby]",
20220623_SD02_8042.JPG,2022-06-26,Best Frans,2,2,"[68F, 122K]",
20220623_SD02_8046.JPG,2022-06-26,Best Frans,3,3,"[14F, 101G, KBaby]",
20220623_SD02_8047.JPG,2022-06-26,Best Frans,3,3,"[14F, 101G, KBaby]",
20220623_SD02_8050.JPG,2022-06-26,Best Frans,4,4,"[G701, 14F, 101G, KBaby]",
20220623_SD02_8051.JPG,2022-06-26,Best Frans,4,4,"[G701, 14F, 101G, KBaby]",
20220623_SD02_8052.JPG,2022-06-26,Best Frans,4,4,"[G701, 14F, 101G, KBaby]",
20220623_SD02_8053.JPG,2022-06-26,Best Frans,4,4,"[G701, 14F, 101G, KBaby]",
20220623_SD02_8057.JPG,2022-06-26,Best Frans,3,3,"[14F, 101G, KBaby]",
20220623_SD02_8058.JPG,2022-06-26,Best Frans,3,3,"[14F, 101G, KBaby]",
20220623_SD02_8059.JPG,2022-06-26,Best Frans,2,2,"[68F, 122K]",
20220623_SD02_8060.JPG,2022-06-26,Best Frans,2,2,"[68F, 122K]",
20220623_SD02_8061.JPG,2022-06-26,Best Frans,2,2,"[68F, 122K]",
20220623_SD02_8064.JPG,2022-06-26,Best Frans,2,2,"[G701, 101G]",
20220623_SD02_8066.JPG,2022-06-26,Best Frans,2,2,"[68F, 122K]",
20220623_SD02_8068.JPG,2022-06-26,Best Frans,2,2,"[14F, KBaby]",
20220623_SD02_8069.JPG,2022-06-26,Best Frans,2,2,"[14F, KBaby]",
20220623_SD02_8070.JPG,2022-06-26,Best Frans,2,2,"[14F, KBaby]",
20220623_SD02_8071.JPG,2022-06-26,Best Frans,2,2,"[14F, KBaby]",
20220623_SD02_8075.JPG,2022-06-26,Best Frans,2,2,"[G701, 101G]",
20220623_SD02_8076.JPG,2022-06-26,Best Frans,2,2,"[G701, 101G]",
20220623_SD02_8080.JPG,2022-06-26,Best Frans,2,2,"[G701, 101G]",
20220623_SD02_8081.JPG,2022-06-26,Best Frans,2,2,"[G701, 101G]",
20220623_SD02_8084.JPG,2022-06-26,Best Frans,2,2,"[14F, KBaby]",
20220623_SD02_8087.JPG,2022-06-26,Best Frans,2,2,"[14F, KBaby]",Unknown
20220623_SD02_8088.JPG,2022-06-26,Best Frans,1,1,[19J],
20220623_SD02_8089.JPG,2022-06-26,Best Frans,1,1,[19J],
20220623_SD02_8090.JPG,2022-06-26,Best Frans,1,1,[19J],
20220623_SD02_8091.JPG,2022-06-26,Best Frans,1,1,[19J],
20220623_SD02_8093.JPG,2022-06-26,Best Frans,1,1,[19J],
20220623_SD02_8094.JPG,2022-06-26,Best Frans,1,1,[19J],
20220623_SD02_8095.JPG,2022-06-26,Best Frans,1,1,[19J],
20220623_SD02_8096.JPG,2022-06-26,Best Frans,2,2,"[68F, 122K]",
20220623_SD02_8098.JPG,2022-06-26,Best Frans,2,2,"[68F, 122K]",
20220623_SD02_8099.JPG,2022-06-26,Best Frans,2,2,"[68F, 122K]",
20220623_SD02_8101.JPG,2022-06-26,Best Frans,1,1,[G701],
20220623_SD02_8102.JPG,2022-06-26,Best Frans,1,1,[G701],
20220623_SD02_8103.JPG,2022-06-26,Best Frans,1,1,[G701],
20220623_SD02_8104.JPG,2022-06-26,Best Frans,2,2,"[14F, KBaby]",
20220623_SD02_8105.JPG,2022-06-26,Best Frans,2,2,"[14F, KBaby]",
20220623_SD02_8108.JPG,2022-06-26,Best Frans,2,2,"[14F, KBaby]",
20220623_SD02_8109.JPG,2022-06-26,Best Frans,1,1,[68F],Toy-Grenade
20220623_SD02_8110.JPG,2022-06-26,Best Frans,1,1,[19J],
20220623_SD02_8111.JPG,2022-06-26,Best Frans,1,1,[19J],
20220623_SD02_8112.JPG,2022-06-26,Best Frans,1,1,[19J],
20220623_SD02_8115.JPG,2022-06-26,Best Frans,1,1,[19J],
20220623_SD02_8116.JPG,2022-06-26,Best Frans,1,1,[19J],
20220623_SD02_8117.JPG,2022-06-26,Best Frans,1,1,[19J],
20220623_SD02_8118.JPG,2022-06-26,Best Frans,1,1,[19J],
20220623_SD02_8119.JPG,2022-06-26,Best Frans,1,1,[19J],
20220623_SD02_8120.JPG,2022-06-26,Best Frans,1,1,[19J],
20220623_SD02_8121.JPG,2022-06-26,Best Frans,1,1,[19J],
20220623_SD02_8122.JPG,2022-06-26,Best Frans,1,1,[19J],
20220623_SD02_8123.JPG,2022-06-26,Best Frans,1,1,[19J],
20220623_SD02_8124.JPG,2022-06-26,Best Frans,1,1,[19J],
20220623_SD02_8125.JPG,2022-06-26,Best Frans,1,1,[19J],
20220623_SD02_8126.JPG,2022-06-26,Best Frans,1,1,[19J],
20220623_SD02_8128.JPG,2022-06-26,Best Frans,2,2,"[68F, 122K]",Toy-Grenade
20220623_SD02_8129.JPG,2022-06-26,Best Frans,2,2,"[68F, 122K]",Toy-Grenade
20220623_SD02_8130.JPG,2022-06-26,Best Frans,2,2,"[68F, 122K]",Toy-Grenade
20220623_SD02_8131.JPG,2022-06-26,Best Frans,1,1,[19J],
20220623_SD02_8132.JPG,2022-06-26,Best Frans,2,2,"[68F, 122K]",Toy-Grenade
20220623_SD02_8133.JPG,2022-06-26,Best Frans,2,2,"[68F, 122K]",Toy-Grenade
20220623_SD02_8134.JPG,2022-06-26,Best Frans,1,1,[19J],
20220623_SD02_8136.JPG,2022-06-26,Best Frans,1,1,[19J],
20220623_SD02_8137.JPG,2022-06-26,Best Frans,1,1,[19J],
20220623_SD02_8138.JPG,2022-06-26,Best Frans,2,2,"[68F, 122K]",Toy-Grenade
20220623_SD02_8139.JPG,2022-06-26,Best Frans,2,2,"[68F, 122K]",Toy-Grenade
20220623_SD02_8140.JPG,2022-06-26,Best Frans,2,2,"[68F, 122K]",Toy-Grenade
20220623_SD02_8141.JPG,2022-06-26,Best Frans,2,2,"[68F, 122K]",Toy-Grenade
20220623_SD02_8142.JPG,2022-06-26,Best Frans,2,2,"[68F, 122K]",Toy-Grenade
20220623_SD02_8143.JPG,2022-06-26,Best Frans,1,1,[19J],
20220623_SD02_8144.JPG,2022-06-26,Best Frans,1,1,[19J],
20220623_SD02_8145.JPG,2022-06-26,Best Frans,1,1,[19J],
20220623_SD02_8147.JPG,2022-06-26,Best Frans,1,1,[19J],
20220623_SD02_8148.JPG,2022-06-26,Best Frans,1,1,[19J],
20220623_SD02_8149.JPG,2022-06-26,Best Frans,2,2,"[68F, 122K]",Toy-Grenade
20220623_SD02_8150.JPG,2022-06-26,Best Frans,1,1,[19J],Toy-Grenade
20220623_SD02_8151.JPG,2022-06-26,Best Frans,1,1,[19J],Toy-Grenade
20220623_SD02_8152.JPG,2022-06-26,Best Frans,1,1,[19J],Toy-Grenade
20220623_SD02_8153.JPG,2022-06-26,Best Frans,1,1,[19J],Toy-Grenade
20220623_SD02_8154.JPG,2022-06-26,Best Frans,1,1,[19J],Toy-Grenade
20220623_SD02_8155.JPG,2022-06-26,Best Frans,1,1,[19J],Toy-Grenade
20220623_SD02_8156.JPG,2022-06-26,Best Frans,1,1,[19J],Toy-Grenade
20220623_SD02_8157.JPG,2022-06-26,Best Frans,1,1,[19J],Toy-Grenade
20220623_SD02_8158.JPG,2022-06-26,Best Frans,1,1,[19J],Toy-Grenade
20220623_SD02_8159.JPG,2022-06-26,Best Frans,1,1,[19J],Toy-Grenade
20220623_SD02_8160.JPG,2022-06-26,Best Frans,1,1,[19J],
20220623_SD02_8161.JPG,2022-06-26,Best Frans,1,1,[19J],
20220623_SD02_8163.JPG,2022-06-26,Best Frans,1,1,[19J],
20220623_SD02_8164.JPG,2022-06-26,Best Frans,1,1,[19J],
20220623_SD02_8165.JPG,2022-06-26,Best Frans,1,1,[19J],
20220623_SD02_8166.JPG,2022-06-26,Best Frans,1,1,[19J],
20220623_SD02_8167.JPG,2022-06-26,Best Frans,1,1,[19J],
20220623_SD02_8168.JPG,2022-06-26,Best Frans,1,1,[19J],
20220623_SD02_8169.JPG,2022-06-26,Best Frans,1,1,[19J],
20220623_SD02_8170.JPG,2022-06-26,Best Frans,1,1,[19J],
20220623_SD02_8172.JPG,2022-06-26,Best Frans,1,1,[19J],
20220623_SD02_8173.JPG,2022-06-26,Best Frans,1,1,[19J],
20220623_SD02_8174.JPG,2022-06-26,Best Frans,1,1,[19J],
20220623_SD02_8175.JPG,2022-06-26,Best Frans,1,1,[19J],
20220623_SD02_8176.JPG,2022-06-26,Best Frans,1,1,[19J],
20220623_SD02_8177.JPG,2022-06-26,Best Frans,1,1,[19J],
20220623_SD02_8178.JPG,2022-06-26,Best Frans,1,1,[19J],
20220623_SD02_8179.JPG,2022-06-26,Best Frans,1,1,[19J],
20220623_SD02_8180.JPG,2022-06-26,Best Frans,1,1,[19J],
20220623_SD02_8184.JPG,2022-06-26,Best Frans,1,1,[19J],
20220623_SD02_8185.JPG,2022-06-26,Best Frans,2,2,"[68F, 122K]",
20220623_SD02_8186.JPG,2022-06-26,Best Frans,2,2,"[68F, 122K]",
20220623_SD02_8187.JPG,2022-06-26,Best Frans,2,2,"[68F, 122K]",
20220623_SD02_8188.JPG,2022-06-26,Best Frans,1,1,[G701],
20220623_SD02_8189.JPG,2022-06-26,Best Frans,1,1,[G701],
20220623_SD02_8190.JPG,2022-06-26,Best Frans,2,2,"[68F, 122K]",
20220623_SD02_8191.JPG,2022-06-26,Best Frans,2,2,"[68F, 122K]",
20220623_SD02_8192.JPG,2022-06-26,Best Frans,2,2,"[68F, 122K]",
20220623_SD02_8193.JPG,2022-06-26,Best Frans,2,2,"[68F, 122K]",
20220623_SD02_8194.JPG,2022-06-26,Best Frans,2,2,"[68F, 122K]",
20220623_SD02_8196.JPG,2022-06-26,Best Frans,1,1,[G701],Toy-Grenade
20220623_SD02_8197.JPG,2022-06-26,Best Frans,1,1,[G701],Toy-Grenade
20220623_SD02_8198.JPG,2022-06-26,Best Frans,1,1,[G701],Toy-Grenade
20220623_SD02_8199.JPG,2022-06-26,Best Frans,2,2,"[68F, 122K]",
20220623_SD02_8200.JPG,2022-06-26,Best Frans,2,2,"[68F, 122K]",19J
20220623_SD02_8201.JPG,2022-06-26,Best Frans,2,2,"[68F, 122K]",
20220623_SD02_8203.JPG,2022-06-26,Best Frans,1,1,[19J],
20220623_SD02_8204.JPG,2022-06-26,Best Frans,1,1,[19J],
20220623_SD02_8205.JPG,2022-06-26,Best Frans,1,1,[19J],
20220623_SD02_8206.JPG,2022-06-26,Best Frans,1,1,[19J],
20220623_SD02_8207.JPG,2022-06-26,Best Frans,1,1,[19J],
20220623_SD02_8208.JPG,2022-06-26,Best Frans,1,1,[19J],
20220623_SD02_8209.JPG,2022-06-26,Best Frans,1,1,[19J],
20220623_SD02_8210.JPG,2022-06-26,Best Frans,1,1,[G701],Toy-Grenade
20220623_SD02_8212.JPG,2022-06-26,Best Frans,1,1,[G701],Toy-Grenade
20220623_SD02_8213.JPG,2022-06-26,Best Frans,1,1,[G701],
20220623_SD02_8214.JPG,2022-06-26,Best Frans,1,1,[G701],
20220623_SD02_8216.JPG,2022-06-26,Best Frans,1,1,[G701],
20220623_SD02_8217.JPG,2022-06-26,Best Frans,1,1,[G701],Toy-Grenade
20220623_SD02_8218.JPG,2022-06-26,Best Frans,1,1,[G701],Toy-Grenade
20220623_SD02_8219.JPG,2022-06-26,Best Frans,2,2,"[68F, 122K]",
20220623_SD02_8222.JPG,2022-06-26,Best Frans,1,1,[G701],Toy-Grenade
20220623_SD02_8224.JPG,2022-06-26,Best Frans,1,1,[G701],
20220623_SD02_8227.JPG,2022-06-26,Best Frans,1,1,[G701],
20220623_SD02_8228.JPG,2022-06-26,Best Frans,2,2,"[G701, 19J]",Toy-Grenade
20220623_SD02_8229.JPG,2022-06-26,Best Frans,2,2,"[G701, 19J]",Toy-Grenade
20220623_SD02_8230.JPG,2022-06-26,Best Frans,1,1,[G701],Toy-Grenade
20220623_SD02_8231.JPG,2022-06-26,Best Frans,1,1,[G701],Toy-Grenade
20220623_SD02_8232.JPG,2022-06-26,Best Frans,1,1,[G701],Toy-Grenade
20220623_SD02_8233.JPG,2022-06-26,Best Frans,1,1,[G701],Toy-Grenade
20220623_SD02_8234.JPG,2022-06-26,Best Frans,1,1,[G701],Toy-Grenade
20220623_SD02_8235.JPG,2022-06-26,Best Frans,1,1,[G701],
20220623_SD02_8236.JPG,2022-06-26,Best Frans,1,1,[G701],Toy-Grenade
20220623_SD02_8237.JPG,2022-06-26,Best Frans,1,1,[G701],Toy-Grenade
20220623_SD02_8238.JPG,2022-06-26,Best Frans,1,1,[G701],Toy-Grenade
20220623_SD02_8241.JPG,2022-06-26,Best Frans,1,1,[G701],
20220623_SD02_8242.JPG,2022-06-26,Best Frans,1,1,[G701],
20220623_SD02_8243.JPG,2022-06-26,Best Frans,1,1,[G701],
20220623_SD02_8244.JPG,2022-06-26,Best Frans,1,1,[G701],
20220623_SD02_8245.JPG,2022-06-26,Best Frans,1,1,[G701],
20220623_SD02_8247.JPG,2022-06-26,Best Frans,2,2,"[68F, 122K]",
20220623_SD02_8248.JPG,2022-06-26,Best Frans,2,2,"[68F, 122K]",
20220623_SD02_8249.JPG,2022-06-26,Best Frans,2,2,"[68F, 122K]",
20220623_SD02_8250.JPG,2022-06-26,Best Frans,2,2,"[68F, 122K]",
20220623_SD02_8251.JPG,2022-06-26,Best Frans,2,2,"[68F, 122K]",
20220623_SD02_8252.JPG,2022-06-26,Best Frans,2,2,"[68F, 122K]",
20220623_SD02_8254.JPG,2022-06-26,Best Frans,2,2,"[68F, 122K]",
20220623_SD02_8255.JPG,2022-06-26,Best Frans,2,2,"[68F, 122K]",
20220623_SD02_8257.JPG,2022-06-26,Best Frans,1,1,[G701],Toy-Grenade
20220623_SD02_8258.JPG,2022-06-26,Best Frans,1,1,[G701],Toy-Grenade
20220623_SD02_8259.JPG,2022-06-26,Best Frans,1,1,[G701],Toy-Grenade
20220623_SD02_8260.JPG,2022-06-26,Best Frans,1,1,[G701],Toy-Grenade
20220623_SD02_8261.JPG,2022-06-26,Best Frans,1,1,[G701],Toy-Grenade
20220623_SD02_8263.JPG,2022-06-26,Best Frans,1,1,[G701],Toy-Grenade
20220623_SD02_8264.JPG,2022-06-26,Best Frans,1,1,[G701],Toy-Grenade
20220623_SD02_8265.JPG,2022-06-26,Best Frans,1,1,[G701],Toy-Grenade
20220623_SD02_8266.JPG,2022-06-26,Best Frans,2,2,"[68F, 122K]",
20220623_SD02_8268.JPG,2022-06-26,Best Frans,1,1,[G701],
20220623_SD02_8269.JPG,2022-06-26,Best Frans,2,2,"[68F, 122K]",
20220623_SD02_8270.JPG,2022-06-26,Best Frans,2,2,"[68F, 122K]",
20220623_SD02_8272.JPG,2022-06-26,Best Frans,2,2,"[68F, 122K]",
20220623_SD02_8276.JPG,2022-06-26,Best Frans,2,2,"[68F, 122K]",
20220623_SD02_8279.JPG,2022-06-26,Best Frans,1,1,[101G],
20220623_SD02_8280.JPG,2022-06-26,Best Frans,1,1,[101G],19J
20220623_SD02_8283.JPG,2022-06-26,Best Frans,2,2,"[14F, KBaby]",
20220623_SD02_8287.JPG,2022-06-26,Best Frans,3,3,"[G701, 68F, 122K]",
20220623_SD02_8290.JPG,2022-06-26,Best Frans,3,3,"[G701, 68F, 122K]",
20220623_SD02_8291.JPG,2022-06-26,Best Frans,3,3,"[G701, 68F, 122K]",
20220623_SD02_8293.JPG,2022-06-26,Best Frans,3,3,"[G701, 68F, 122K]",
20220623_SD02_8294.JPG,2022-06-26,Best Frans,3,3,"[G701, 68F, 122K]",
20220623_SD02_8295.JPG,2022-06-26,Best Frans,3,3,"[G701, 68F, 122K]",
20220623_SD02_8296.JPG,2022-06-26,Best Frans,3,3,"[G701, 68F, 122K]",
20220623_SD02_8297.JPG,2022-06-26,Best Frans,2,2,"[68F, 122K]",
20220623_SD02_8303.JPG,2022-06-26,Best Frans,2,2,"[68F, 122K]",
20220623_SD02_8307.JPG,2022-06-26,Best Frans,2,2,"[14F, KBaby]",
20220623_SD02_8309.JPG,2022-06-26,Best Frans,2,2,"[14F, KBaby]",
20220623_SD02_8313.JPG,2022-06-26,Best Frans,1,1,[101G],
20220623_SD02_8314.JPG,2022-06-26,Best Frans,1,1,[101G],
20220623_SD02_8315.JPG,2022-06-26,Best Frans,2,2,"[68F, 122K]",
20220623_SD02_8317.JPG,2022-06-26,Best Frans,2,2,"[68F, 122K]",
20220623_SD02_8318.JPG,2022-06-26,Best Frans,2,2,"[68F, 122K]",
20220623_SD02_8319.JPG,2022-06-26,Best Frans,2,2,"[14F, KBaby]",
20220623_SD02_8321.JPG,2022-06-26,Best Frans,2,2,"[14F, KBaby]",
20220623_SD02_8322.JPG,2022-06-26,Best Frans,2,2,"[14F, KBaby]",
20220623_SD02_8324.JPG,2022-06-26,Best Frans,1,1,[101G],
20220623_SD02_8327.JPG,2022-06-26,Best Frans,2,2,"[G701, 68F]",
20220623_SD02_8329.JPG,2022-06-26,Best Frans,1,1,[101G],
20220623_SD02_8330.JPG,2022-06-26,Best Frans,1,1,[101G],
20220623_SD02_8331.JPG,2022-06-26,Best Frans,1,1,[101G],
20220623_SD02_8333.JPG,2022-06-26,Best Frans,1,1,[101G],
20220623_SD02_8334.JPG,2022-06-26,Best Frans,1,1,[101G],
20220623_SD02_8336.JPG,2022-06-26,Best Frans,2,2,"[G701, 68F]",
20220623_SD02_8337.JPG,2022-06-26,Best Frans,2,2,"[G701, 68F]",
20220623_SD02_8338.JPG,2022-06-26,Best Frans,2,2,"[G701, 68F]",
20220623_SD02_8339.JPG,2022-06-26,Best Frans,2,2,"[G701, 68F]",
20220623_SD02_8340.JPG,2022-06-26,Best Frans,2,2,"[G701, 68F]",
20220623_SD02_8344.JPG,2022-06-26,Best Frans,2,2,"[G701, 68F]",
20220623_SD02_8345.JPG,2022-06-26,Best Frans,1,1,[19J],
20220623_SD02_8346.JPG,2022-06-26,Best Frans,1,1,[G701],Toy-Grenade
20220623_SD02_8347.JPG,2022-06-26,Best Frans,3,3,"[G701, 68F, 122K]",
20220623_SD02_8348.JPG,2022-06-26,Best Frans,3,3,"[G701, 68F, 122K]",
20220623_SD02_8349.JPG,2022-06-26,Best Frans,2,1,[19J],
20220623_SD02_8360.JPG,2022-06-26,Best Frans,1,1,[19J],
20220623_SD02_8368.JPG,2022-06-26,Best Frans,2,2,"[14F, KBaby]",
20220623_SD02_8369.JPG,2022-06-26,Best Frans,2,2,"[14F, KBaby]",
20220623_SD02_8376.JPG,2022-06-26,Best Frans,1,1,[101G],
20220623_SD02_8377.JPG,2022-06-26,Best Frans,1,1,[101G],
20220623_SD02_8380.JPG,2022-06-26,Best Frans,1,1,[101G],
20220623_SD02_8386.JPG,2022-06-26,Best Frans,1,1,[G701],
20220623_SD02_8393.JPG,2022-06-26,Best Frans,1,1,[19J],
20220623_SD02_8394.JPG,2022-06-26,Best Frans,1,1,[19J],
20220623_SD02_8397.JPG,2022-06-26,Best Frans,1,1,[101G],
20220623_SD02_8399.JPG,2022-06-26,Best Frans,1,1,[101G],
20220623_SD02_8401.JPG,2022-06-26,Best Frans,1,1,[101G],
20220623_SD02_8402.JPG,2022-06-26,Best Frans,1,1,[101G],
20220623_SD02_8403.JPG,2022-06-26,Best Frans,1,1,[G701],
20220623_SD02_8406.JPG,2022-06-26,Best Frans,1,1,[G701],
20220623_SD02_8410.JPG,2022-06-26,Best Frans,1,1,[19J],
20220623_SD02_8418.JPG,2022-06-26,Best Frans,2,2,"[68F, 122K]",
20220623_SD02_8419.JPG,2022-06-26,Best Frans,2,2,"[68F, 122K]",
20220623_SD02_8426.JPG,2022-06-26,Best Frans,2,2,"[14F, KBaby]",
20220623_SD02_8427.JPG,2022-06-26,Best Frans,1,1,[101G],
20220623_SD02_8430.JPG,2022-06-26,Best Frans,1,1,[101G],
20220623_SD02_8431.JPG,2022-06-26,Best Frans,1,1,[101G],
20220623_SD02_8432.JPG,2022-06-26,Best Frans,1,1,[G701],
20220623_SD02_8433.JPG,2022-06-26,Best Frans,1,1,[G701],
20220623_SD02_8434.JPG,2022-06-26,Best Frans,1,1,[G701],
20220623_SD02_8435.JPG,2022-06-26,Best Frans,3,3,"[14F, 19J, KBaby]",
20220623_SD02_8437.JPG,2022-06-26,Best Frans,1,1,[19J],
20220623_SD02_8440.JPG,2022-06-26,Best Frans,2,2,"[14F, KBaby]",
20220623_SD02_8441.JPG,2022-06-26,Best Frans,1,1,[19J],
20220623_SD02_8444.JPG,2022-06-26,Best Frans,2,2,"[68F, 122K]",
20220623_SD02_8445.JPG,2022-06-26,Best Frans,2,2,"[68F, 122K]",
20220623_SD02_8446.JPG,2022-06-26,Best Frans,2,2,"[68F, 122K]",
20220623_SD02_8447.JPG,2022-06-26,Best Frans,2,2,"[68F, 122K]",
20220623_SD02_8448.JPG,2022-06-26,Best Frans,1,1,[19J],
20220623_SD02_8450.JPG,2022-06-26,Best Frans,2,2,"[101G, 19J]",Unknown
20220623_SD02_8456.JPG,2022-06-26,Best Frans,1,1,[G701],
20220623_SD02_8457.JPG,2022-06-26,Best Frans,1,1,[G701],
20220623_SD02_8460.JPG,2022-06-26,Best Frans,4,4,"[14F, 68F, 122K, KBaby]",Toy-Grenade
20220623_SD02_8462.JPG,2022-06-26,Best Frans,4,4,"[14F, 68F, 122K, KBaby]",Toy-Grenade
20220623_SD02_8463.JPG,2022-06-26,Best Frans,4,4,"[14F, 68F, 122K, KBaby]",Toy-Grenade
20220623_SD02_8469.JPG,2022-06-26,Best Frans,2,2,"[68F, 122K]",14F
20220623_SD02_8470.JPG,2022-06-26,Best Frans,2,2,"[68F, 122K]",14F
20220623_SD02_8472.JPG,2022-06-26,Best Frans,3,3,"[14F, 68F, 122K]",
20220623_SD02_8477.JPG,2022-06-26,Best Frans,1,1,[101G],
20220623_SD02_8478.JPG,2022-06-26,Best Frans,1,1,[101G],
20220623_SD02_8480.JPG,2022-06-26,Best Frans,1,1,[101G],
20220623_SD02_8482.JPG,2022-06-26,Best Frans,1,1,[101G],
20220623_SD02_8483.JPG,2022-06-26,Best Frans,2,2,"[68F, 122K]",
20220623_SD02_8484.JPG,2022-06-26,Best Frans,2,2,"[68F, 122K]",
20220623_SD02_8485.JPG,2022-06-26,Best Frans,2,2,"[68F, 122K]",
20220623_SD02_8486.JPG,2022-06-26,Best Frans,2,2,"[68F, 122K]",
20220623_SD02_8487.JPG,2022-06-26,Best Frans,2,2,"[68F, 122K]",
20220623_SD02_8491.JPG,2022-06-26,Best Frans,1,1,[19J],Unknown
20220623_SD02_8493.JPG,2022-06-26,Best Frans,1,1,[101G],
20220623_SD02_8494.JPG,2022-06-26,Best Frans,1,1,[101G],
20220623_SD02_8496.JPG,2022-06-26,Best Frans,1,1,[101G],
20220623_SD02_8497.JPG,2022-06-26,Best Frans,1,1,[101G],
20220623_SD02_8498.JPG,2022-06-26,Best Frans,1,1,[101G],
20220623_SD02_8499.JPG,2022-06-26,Best Frans,1,1,[101G],
20220623_SD02_8500.JPG,2022-06-26,Best Frans,1,1,[101G],
20220623_SD02_8501.JPG,2022-06-26,Best Frans,1,1,[101G],
20220623_SD02_8503.JPG,2022-06-26,Best Frans,1,1,[101G],
20220623_SD02_8504.JPG,2022-06-26,Best Frans,1,1,[101G],
20220623_SD02_8505.JPG,2022-06-26,Best Frans,1,1,[101G],
20220623_SD02_8506.JPG,2022-06-26,Best Frans,1,1,[101G],
20220623_SD02_8508.JPG,2022-06-26,Best Frans,1,1,[101G],
20220623_SD02_8509.JPG,2022-06-26,Best Frans,1,1,[101G],
20220623_SD02_8516.JPG,2022-06-26,Best Frans,1,1,[101G],
20220623_SD02_8518.JPG,2022-06-26,Best Frans,2,2,"[68F, 122K]",
20220623_SD02_8520.JPG,2022-06-26,Best Frans,2,2,"[68F, 122K]",
20220629_SD04_9643.JPG,2022-08-01,Best Frans,2,2,"[68F, 122K]",
20220629_SD04_9646.JPG,2022-08-01,Best Frans,1,1,[101G],
20220629_SD04_9651.JPG,2022-08-01,Best Frans,1,1,[101G],
20220629_SD04_9667.JPG,2022-08-01,Best Frans,1,1,[G701],
20220629_SD04_9676.JPG,2022-08-01,Best Frans,2,2,"[14F, Unknown1]",Unknown1 is 139K
20220629_SD04_9679.JPG,2022-08-01,Best Frans,2,2,"[14F, Unknown1]",Unknown1 is 139K
20220629_SD04_9682.JPG,2022-08-01,Best Frans,2,2,"[14F, Unknown1]",Unknown1 is 139K
20220629_SD04_9687.JPG,2022-08-01,Best Frans,2,2,"[14F, Unknown1]",Unknown1 is 139K
20220629_SD04_9689.JPG,2022-08-01,Best Frans,1,1,[G701],
20220629_SD04_9691.JPG,2022-08-01,Best Frans,1,1,[G701],
20220629_SD04_9695.JPG,2022-08-01,Best Frans,1,1,[G701],
20220629_SD04_9697.JPG,2022-08-01,Best Frans,1,1,[G701],
20220629_SD04_9705.JPG,2022-08-01,Best Frans,1,1,[G701],
20220629_SD04_9706.JPG,2022-08-01,Best Frans,1,1,[101G],
20220629_SD04_9707.JPG,2022-08-01,Best Frans,2,2,"[68F, 122K]",
20220629_SD04_9708.JPG,2022-08-01,Best Frans,2,2,"[68F, 122K]",
20220629_SD04_9713.JPG,2022-08-01,Best Frans,1,1,[101G],
20220629_SD04_9714.JPG,2022-08-01,Best Frans,1,1,[101G],
20220629_SD04_9715.JPG,2022-08-01,Best Frans,1,1,[G701],
20220629_SD04_9716.JPG,2022-08-01,Best Frans,1,1,[G701],
20220629_SD04_9717.JPG,2022-08-01,Best Frans,1,1,[G701],
20220629_SD04_9718.JPG,2022-08-01,Best Frans,1,1,[G701],
20220629_SD04_9719.JPG,2022-08-01,Best Frans,2,2,"[68F, 122K]",
20220629_SD04_9720.JPG,2022-08-01,Best Frans,2,2,"[68F, 122K]",
20220629_SD04_9721.JPG,2022-08-01,Best Frans,2,1,[68F],122K Body
20220629_SD04_9722.JPG,2022-08-01,Best Frans,2,1,[68F],122K Body
20220629_SD04_9723.JPG,2022-08-01,Best Frans,2,2,"[68F, 122K]",
20220629_SD04_9724.JPG,2022-08-01,Best Frans,2,2,"[68F, 122K]",
20220629_SD04_9725.JPG,2022-08-01,Best Frans,2,2,"[68F, 122K]",
20220629_SD04_9726.JPG,2022-08-01,Best Frans,1,1,[G701],
20220629_SD04_9727.JPG,2022-08-01,Best Frans,1,1,[G701],
20220629_SD04_9728.JPG,2022-08-01,Best Frans,1,1,[G701],
20220629_SD04_9729.JPG,2022-08-01,Best Frans,1,1,[G701],
20220629_SD04_9731.JPG,2022-08-01,Best Frans,2,2,"[14F, 122K]",Toy-Grenade
20220629_SD04_9732.JPG,2022-08-01,Best Frans,2,2,"[14F, 122K]",Toy-Grenade
20220629_SD04_9737.JPG,2022-08-01,Best Frans,1,1,[19J],
20220629_SD04_9738.JPG,2022-08-01,Best Frans,1,1,[19J],
20220629_SD04_9739.JPG,2022-08-01,Best Frans,1,1,[19J],
20220629_SD04_9740.JPG,2022-08-01,Best Frans,1,1,[19J],
20220629_SD04_9741.JPG,2022-08-01,Best Frans,1,1,[19J],
20220629_SD04_9742.JPG,2022-08-01,Best Frans,2,2,"[68F, 122K]",
20220629_SD04_9743.JPG,2022-08-01,Best Frans,2,2,"[68F, 122K]",
20220629_SD04_9744.JPG,2022-08-01,Best Frans,2,2,"[68F, 122K]",
20220629_SD04_9745.JPG,2022-08-01,Best Frans,2,2,"[68F, 122K]",
20220629_SD04_9746.JPG,2022-08-01,Best Frans,2,2,"[68F, 122K]",
20220629_SD04_9747.JPG,2022-08-01,Best Frans,1,1,[G701],Toy-Lucky Clover Chew
20220629_SD04_9748.JPG,2022-08-01,Best Frans,1,1,[G701],Toy-Lucky Clover Chew
20220629_SD04_9749.JPG,2022-08-01,Best Frans,1,1,[G701],Toy-Lucky Clover Chew
20220629_SD04_9750.JPG,2022-08-01,Best Frans,1,1,[G701],Toy-Lucky Clover Chew
20220629_SD04_9751.JPG,2022-08-01,Best Frans,1,1,[101G],
20220629_SD04_9752.JPG,2022-08-01,Best Frans,1,1,[101G],
20220629_SD04_9753.JPG,2022-08-01,Best Frans,1,1,[101G],Toy-Lucky Clover Chew
20220629_SD04_9754.JPG,2022-08-01,Best Frans,1,1,[101G],Toy-Lucky Clover Chew
20220629_SD04_9755.JPG,2022-08-01,Best Frans,1,1,[19J],
20220629_SD04_9756.JPG,2022-08-01,Best Frans,1,1,[19J],
20220629_SD04_9757.JPG,2022-08-01,Best Frans,1,1,[19J],
20220629_SD04_9760.JPG,2022-08-01,Best Frans,3,3,"[68F, 19J, 122K]",
20220629_SD04_9761.JPG,2022-08-01,Best Frans,3,3,"[68F, 19J, 122K]",
20220629_SD04_9762.JPG,2022-08-01,Best Frans,2,2,"[68F, 122K]",
20220629_SD04_9763.JPG,2022-08-01,Best Frans,2,2,"[68F, 122K]",
20220629_SD04_9764.JPG,2022-08-01,Best Frans,1,1,[101G],
20220629_SD04_9765.JPG,2022-08-01,Best Frans,1,1,[101G],
20220719_SD05_2336.JPG,2022-07-19,Best Frans,2,2,"[68F, 122K]",
20220719_SD05_2338.JPG,2022-07-19,Best Frans,2,2,"[68F, 122K]",
20220719_SD05_2341.JPG,2022-07-19,Best Frans,1,1,[19J],
20220719_SD05_2342.JPG,2022-07-19,Best Frans,1,1,[19J],
20220719_SD05_2343.JPG,2022-07-19,Best Frans,1,1,[19J],
20220719_SD05_2347.JPG,2022-07-19,Best Frans,1,1,[19J],
20220719_SD05_2349.JPG,2022-07-19,Best Frans,2,2,"[14F, KBaby]",
20220719_SD05_2356.JPG,2022-07-19,Best Frans,1,1,[19J],
20220719_SD05_2357.JPG,2022-07-19,Best Frans,1,1,[19J],
20220719_SD05_2358.JPG,2022-07-19,Best Frans,3,3,"[14F, 19J, KBaby]",
20220719_SD05_2360.JPG,2022-07-19,Best Frans,2,2,"[68F, 122K]",
20220719_SD05_2361.JPG,2022-07-19,Best Frans,2,2,"[68F, 122K]",
20220719_SD05_2362.JPG,2022-07-19,Best Frans,2,2,"[68F, 122K]",
20220719_SD05_2363.JPG,2022-07-19,Best Frans,2,2,"[68F, 122K]",
20220719_SD05_2364.JPG,2022-07-19,Best Frans,2,2,"[68F, 122K]",
20220719_SD05_2365.JPG,2022-07-19,Best Frans,2,2,"[68F, 122K]",
20220719_SD05_2366.JPG,2022-07-19,Best Frans,2,2,"[68F, 122K]",
20220719_SD05_2367.JPG,2022-07-19,Best Frans,2,2,"[68F, 122K]",
20220719_SD05_2368.JPG,2022-07-19,Best Frans,2,2,"[68F, 122K]",
20220719_SD05_2369.JPG,2022-07-19,Best Frans,2,2,"[68F, 122K]",
20220719_SD05_2370.JPG,2022-07-19,Best Frans,1,1,[G701],
20220719_SD05_2371.JPG,2022-07-19,Best Frans,1,1,[G701],
20220719_SD05_2372.JPG,2022-07-19,Best Frans,1,1,[G701],
20220719_SD05_2373.JPG,2022-07-19,Best Frans,2,2,"[14F, KBaby]",Unknown
20220719_SD05_2374.JPG,2022-07-19,Best Frans,2,2,"[14F, KBaby]",
20220719_SD05_2375.JPG,2022-07-19,Best Frans,2,2,"[14F, KBaby]",
20220719_SD05_2379.JPG,2022-07-19,Best Frans,2,2,"[14F, KBaby]",
20220719_SD05_2380.JPG,2022-07-19,Best Frans,2,2,"[14F, KBaby]",
20220719_SD05_2383.JPG,2022-07-19,Best Frans,2,2,"[14F, KBaby]",
20220719_SD05_2385.JPG,2022-07-19,Best Frans,2,2,"[14F, KBaby]",
20220719_SD05_2388.JPG,2022-07-19,Best Frans,2,2,"[68F, 122K]",
20220719_SD05_2389.JPG,2022-07-19,Best Frans,2,2,"[68F, 122K]",
20220719_SD05_2390.JPG,2022-07-19,Best Frans,2,2,"[68F, 122K]",
20220719_SD05_2391.JPG,2022-07-19,Best Frans,2,2,"[68F, 122K]",
20220719_SD05_2397.JPG,2022-07-19,Best Frans,3,3,"[14F, 19J, KBaby]",
20220719_SD05_2403.JPG,2022-07-19,Best Frans,3,3,"[14F, 19J, KBaby]",
20220719_SD05_2404.JPG,2022-07-19,Best Frans,3,3,"[14F, 19J, KBaby]",
20220719_SD05_2405.JPG,2022-07-19,Best Frans,3,3,"[14F, 19J, KBaby]",
20220719_SD05_2406.JPG,2022-07-19,Best Frans,3,3,"[14F, 19J, KBaby]",
20220719_SD05_2407.JPG,2022-07-19,Best Frans,3,3,"[14F, 19J, KBaby]",
20220719_SD05_2409.JPG,2022-07-19,Best Frans,2,2,"[14F, KBaby]",
20220719_SD05_2410.JPG,2022-07-19,Best Frans,2,2,"[14F, KBaby]",
20220719_SD05_2411.JPG,2022-07-19,Best Frans,2,2,"[14F, KBaby]",
20220719_SD05_2413.JPG,2022-07-19,Best Frans,3,3,"[14F, 19J, KBaby]",
20220719_SD05_2415.JPG,2022-07-19,Best Frans,3,3,"[14F, 19J, KBaby]",
20220719_SD05_2453.JPG,2022-07-19,Best Frans,4,4,"[G701, 14F, 19J, KBaby]",
20220719_SD05_2454.JPG,2022-07-19,Best Frans,4,4,"[G701, 14F, 19J, KBaby]",
20220719_SD05_2455.JPG,2022-07-19,Best Frans,4,4,"[G701, 14F, 19J, KBaby]",
20220719_SD05_2457.JPG,2022-07-19,Best Frans,4,4,"[G701, 14F, 19J, KBaby]",
20220719_SD05_2458.JPG,2022-07-19,Best Frans,3,3,"[G701, 14F, KBaby]",
20220719_SD05_2462.JPG,2022-07-19,Best Frans,4,4,"[G701, 14F, 19J, KBaby]",
20220719_SD05_2482.JPG,2022-07-19,Best Frans,3,3,"[14F, 19J, KBaby]",
20220719_SD05_2483.JPG,2022-07-19,Best Frans,3,3,"[14F, 19J, KBaby]",
20220719_SD05_2484.JPG,2022-07-19,Best Frans,3,3,"[14F, 19J, KBaby]",
20220719_SD05_2485.JPG,2022-07-19,Best Frans,1,1,[G701],
20220719_SD05_2487.JPG,2022-07-19,Best Frans,1,1,[G701],
20220719_SD05_2488.JPG,2022-07-19,Best Frans,3,3,"[14F, 101G, KBaby]",
20220719_SD05_2491.JPG,2022-07-19,Best Frans,4,4,"[14F, 101G, 19J, KBaby]",
20220719_SD05_2494.JPG,2022-07-19,Best Frans,4,4,"[14F, 101G, 19J, KBaby]",
20220719_SD05_2497.JPG,2022-07-19,Best Frans,2,2,"[68F, 122K]",
20220719_SD05_2500.JPG,2022-07-19,Best Frans,2,2,"[68F, 122K]",
20220719_SD05_2501.JPG,2022-07-19,Best Frans,2,2,"[68F, 122K]",
20220719_SD05_2504.JPG,2022-07-19,Best Frans,3,3,"[14F, 19J, KBaby]",
20220719_SD05_2506.JPG,2022-07-19,Best Frans,2,2,"[68F, 122K]",
20220719_SD05_2508.JPG,2022-07-19,Best Frans,2,2,"[68F, 122K]",
20220719_SD05_2509.JPG,2022-07-19,Best Frans,2,2,"[68F, 122K]",
20220719_SD05_2510.JPG,2022-07-19,Best Frans,1,1,[101G],
20220719_SD05_2511.JPG,2022-07-19,Best Frans,1,1,[101G],
20220719_SD05_2512.JPG,2022-07-19,Best Frans,1,1,[101G],
20220719_SD05_2513.JPG,2022-07-19,Best Frans,1,1,[101G],
20220719_SD05_2517.JPG,2022-07-19,Best Frans,1,1,[101G],
20220719_SD05_2527.JPG,2022-07-19,Best Frans,2,2,"[19J, KBaby]",
20220719_SD05_2530.JPG,2022-07-19,Best Frans,2,2,"[19J, KBaby]",
20220719_SD05_2532.JPG,2022-07-19,Best Frans,2,2,"[19J, KBaby]",
20220719_SD05_2534.JPG,2022-07-19,Best Frans,1,1,[KBaby],
20220719_SD05_2538.JPG,2022-07-19,Best Frans,3,2,"[14F, KBaby]",
20220719_SD05_2540.JPG,2022-07-19,Best Frans,2,2,"[14F, 19J]",
20220719_SD05_2541.JPG,2022-07-19,Best Frans,2,2,"[14F, 19J]",
20220719_SD05_2543.JPG,2022-07-19,Best Frans,2,2,"[G701, 14F]",
20220719_SD05_2544.JPG,2022-07-19,Best Frans,2,2,"[G701, 14F]",
20220719_SD05_2548.JPG,2022-07-19,Best Frans,2,2,"[68F, 122K]",
20220719_SD05_2739.JPG,2022-07-19,Best Frans,2,2,"[14F, KBaby]",
20220719_SD05_2740.JPG,2022-07-19,Best Frans,2,2,"[14F, KBaby]",
20220719_SD05_2741.JPG,2022-07-19,Best Frans,2,2,"[14F, KBaby]",
20220719_SD05_2742.JPG,2022-07-19,Best Frans,2,2,"[14F, KBaby]",
20220719_SD05_2744.JPG,2022-07-19,Best Frans,2,2,"[101G, 19J]",
20220719_SD05_2745.JPG,2022-07-19,Best Frans,2,2,"[101G, 19J]",
20220719_SD05_2746.JPG,2022-07-19,Best Frans,2,2,"[101G, 19J]",
20220719_SD05_2753.JPG,2022-07-19,Best Frans,2,2,"[68F, 122K]",
20220719_SD05_2755.JPG,2022-07-19,Best Frans,2,2,"[68F, 122K]",
20220719_SD05_2756.JPG,2022-07-19,Best Frans,2,2,"[68F, 122K]",
20220719_SD05_2757.JPG,2022-07-19,Best Frans,2,2,"[68F, 122K]",
20220719_SD05_2758.JPG,2022-07-19,Best Frans,2,2,"[68F, 122K]",
20220719_SD05_2759.JPG,2022-07-19,Best Frans,1,1,[101G],
20220719_SD05_2761.JPG,2022-07-19,Best Frans,2,1,[19J],
20220719_SD05_2765.JPG,2022-07-19,Best Frans,2,2,"[101G, 19J]",
20220719_SD05_2766.JPG,2022-07-19,Best Frans,2,2,"[14F, KBaby]",
20220719_SD05_2767.JPG,2022-07-19,Best Frans,2,2,"[14F, KBaby]",
20220719_SD05_2768.JPG,2022-07-19,Best Frans,2,2,"[14F, KBaby]",
20220719_SD05_2770.JPG,2022-07-19,Best Frans,2,2,"[14F, KBaby]",
20220719_SD05_2775.JPG,2022-07-19,Best Frans,1,1,[G701],
20220719_SD05_2776.JPG,2022-07-19,Best Frans,1,1,[G701],
20220719_SD05_2778.JPG,2022-07-19,Best Frans,1,1,[G701],
20220719_SD05_2837.JPG,2022-07-19,Best Frans,1,1,[101G],
20220719_SD05_2839.JPG,2022-07-19,Best Frans,2,2,"[68F, 122K]",
20220719_SD05_2843.JPG,2022-07-19,Best Frans,1,1,[101G],
20220719_SD05_2844.JPG,2022-07-19,Best Frans,1,1,[101G],
20220719_SD05_2846.JPG,2022-07-19,Best Frans,3,3,"[14F, 19J, KBaby]",
20220719_SD05_2847.JPG,2022-07-19,Best Frans,3,3,"[14F, 19J, KBaby]",
20220719_SD05_2848.JPG,2022-07-19,Best Frans,3,3,"[14F, 19J, KBaby]",
20220719_SD05_2850.JPG,2022-07-19,Best Frans,2,2,"[68F, 122K]",
20220719_SD05_2851.JPG,2022-07-19,Best Frans,2,2,"[68F, 122K]",
20220719_SD05_2852.JPG,2022-07-19,Best Frans,2,2,"[68F, 122K]",
20220719_SD05_2869.JPG,2022-07-19,Best Frans,1,1,[19J],
20220719_SD05_2870.JPG,2022-07-19,Best Frans,1,1,[19J],
20220719_SD05_2872.JPG,2022-07-19,Best Frans,2,2,"[68F, 122K]",
20220719_SD05_2873.JPG,2022-07-19,Best Frans,2,2,"[68F, 122K]",
20220719_SD05_2883.JPG,2022-07-19,Best Frans,2,2,"[14F, KBaby]",
20220719_SD05_2884.JPG,2022-07-19,Best Frans,2,2,"[14F, KBaby]",
20220719_SD05_2887.JPG,2022-07-19,Best Frans,1,1,[19J],
20220719_SD05_2889.JPG,2022-07-19,Best Frans,1,1,[101G],
20220719_SD05_2890.JPG,2022-07-19,Best Frans,1,1,[101G],
20220725_SD05_3439.JPG,2022-07-25,Best Frans,1,1,[101G],
20220725_SD05_3445.JPG,2022-07-25,Best Frans,1,1,[101G],
20220725_SD05_3447.JPG,2022-07-25,Best Frans,1,1,[101G],
20220725_SD05_3448.JPG,2022-07-25,Best Frans,1,1,[101G],
20220725_SD05_3449.JPG,2022-07-25,Best Frans,1,1,[101G],
20220725_SD05_3454.JPG,2022-07-25,Best Frans,1,1,[101G],
20220725_SD05_3455.JPG,2022-07-25,Best Frans,1,1,[101G],
20220725_SD05_3458.JPG,2022-07-25,Best Frans,1,1,[101G],
20220725_SD05_3464.JPG,2022-07-25,Best Frans,2,2,"[14F, 139K]",
20220725_SD05_3474.JPG,2022-07-25,Best Frans,3,3,"[14F, 19J, 139K]",
20220725_SD05_3478.JPG,2022-07-25,Best Frans,3,1,[G701],
20220725_SD05_3479.JPG,2022-07-25,Best Frans,1,1,[G701],
20220725_SD05_3492.JPG,2022-07-25,Best Frans,2,2,"[68F, 122K]",
20220725_SD05_3494.JPG,2022-07-25,Best Frans,2,2,"[68F, 122K]",
20220725_SD05_3495.JPG,2022-07-25,Best Frans,2,2,"[68F, 122K]",
20220725_SD05_3496.JPG,2022-07-25,Best Frans,2,2,"[68F, 122K]",
20220725_SD05_3499.JPG,2022-07-25,Best Frans,2,1,[101G],
20220725_SD05_3500.JPG,2022-07-25,Best Frans,2,1,[101G],
20220725_SD05_3507.JPG,2022-07-25,Best Frans,1,1,[G701],
20220725_SD05_3519.JPG,2022-07-25,Best Frans,2,2,"[14F, 139K]",
20220725_SD05_3521.JPG,2022-07-25,Best Frans,2,2,"[14F, 139K]",
20220725_SD05_3525.JPG,2022-07-25,Best Frans,2,2,"[101G, 19J]",
20220725_SD05_3527.JPG,2022-07-25,Best Frans,2,2,"[101G, 19J]",
20220725_SD05_3530.JPG,2022-07-25,Best Frans,1,1,[19J],
20220725_SD05_3534.JPG,2022-07-25,Best Frans,1,1,[19J],
20220725_SD05_3535.JPG,2022-07-25,Best Frans,1,1,[19J],
20220725_SD05_3536.JPG,2022-07-25,Best Frans,1,1,[19J],
20220725_SD05_3537.JPG,2022-07-25,Best Frans,1,1,[19J],
20220725_SD05_3538.JPG,2022-07-25,Best Frans,1,1,[19J],
20220725_SD05_3540.JPG,2022-07-25,Best Frans,2,2,"[14F, 139K]",
20220725_SD05_3541.JPG,2022-07-25,Best Frans,2,2,"[14F, 139K]",
20220725_SD05_3542.JPG,2022-07-25,Best Frans,3,3,"[14F, 19J, 139K]",
20220725_SD05_3543.JPG,2022-07-25,Best Frans,3,3,"[14F, 19J, 139K]",
20220725_SD05_3546.JPG,2022-07-25,Best Frans,3,2,"[14F, 139K]",19J
20220725_SD05_3551.JPG,2022-07-25,Best Frans,3,2,"[14F, 139K]",
20220725_SD05_3561.JPG,2022-07-25,Best Frans,2,2,"[14F, 139K]",
20220725_SD05_3562.JPG,2022-07-25,Best Frans,1,1,[101G],
20220725_SD05_3563.JPG,2022-07-25,Best Frans,1,1,[101G],
20220725_SD05_3564.JPG,2022-07-25,Best Frans,1,1,[101G],
20220725_SD05_3565.JPG,2022-07-25,Best Frans,1,1,[G701],"Toy-Dumbbell, Toy-Unknown"
20220725_SD05_3566.JPG,2022-07-25,Best Frans,1,1,[G701],"Toy-Hex, Toy-Zyro, Toy-Dumbbell"
20220725_SD05_3568.JPG,2022-07-25,Best Frans,1,1,[G701],
20220725_SD05_3569.JPG,2022-07-25,Best Frans,1,1,[101G],Toy-Grenade
20220725_SD05_3570.JPG,2022-07-25,Best Frans,1,1,[101G],
20220725_SD05_3571.JPG,2022-07-25,Best Frans,1,1,[101G],
20220725_SD05_3572.JPG,2022-07-25,Best Frans,1,1,[101G],
20220725_SD05_3573.JPG,2022-07-25,Best Frans,1,1,[101G],
20220725_SD05_3574.JPG,2022-07-25,Best Frans,1,1,[101G],
20220725_SD05_3575.JPG,2022-07-25,Best Frans,1,1,[101G],
20220725_SD05_3576.JPG,2022-07-25,Best Frans,1,1,[101G],
20220725_SD05_3577.JPG,2022-07-25,Best Frans,1,1,[101G],
20220725_SD05_3578.JPG,2022-07-25,Best Frans,1,1,[101G],
20220725_SD05_3579.JPG,2022-07-25,Best Frans,1,1,[101G],
20220725_SD05_3580.JPG,2022-07-25,Best Frans,1,1,[101G],
20220725_SD05_3581.JPG,2022-07-25,Best Frans,1,1,[101G],
20220725_SD05_3582.JPG,2022-07-25,Best Frans,1,1,[101G],
20220725_SD05_3583.JPG,2022-07-25,Best Frans,1,1,[101G],
20220725_SD05_3584.JPG,2022-07-25,Best Frans,1,1,[101G],
20220725_SD05_3585.JPG,2022-07-25,Best Frans,1,1,[101G],
20220725_SD05_3586.JPG,2022-07-25,Best Frans,3,3,"[G701, 14F, 139K]",
20220725_SD05_3587.JPG,2022-07-25,Best Frans,3,3,"[G701, 14F, 139K]",
20220725_SD05_3589.JPG,2022-07-25,Best Frans,3,3,"[G701, 14F, 139K]",
20220725_SD05_3590.JPG,2022-07-25,Best Frans,3,3,"[G701, 14F, 139K]",
20220725_SD05_3591.JPG,2022-07-25,Best Frans,3,3,"[G701, 14F, 139K]",
20220725_SD05_3592.JPG,2022-07-25,Best Frans,1,1,[19J],
20220725_SD05_3593.JPG,2022-07-25,Best Frans,1,1,[19J],
20220725_SD05_3594.JPG,2022-07-25,Best Frans,1,1,[19J],
20220725_SD05_3595.JPG,2022-07-25,Best Frans,1,1,[19J],
20220725_SD05_3596.JPG,2022-07-25,Best Frans,1,1,[19J],
20220725_SD05_3597.JPG,2022-07-25,Best Frans,1,1,[19J],
20220725_SD05_3598.JPG,2022-07-25,Best Frans,1,1,[19J],
20220725_SD05_3599.JPG,2022-07-25,Best Frans,1,1,[19J],
20220725_SD05_3600.JPG,2022-07-25,Best Frans,1,1,[19J],
20220725_SD05_3601.JPG,2022-07-25,Best Frans,1,1,[19J],
20220725_SD05_3602.JPG,2022-07-25,Best Frans,1,1,[101G],
20220725_SD05_3603.JPG,2022-07-25,Best Frans,1,1,[101G],
20220725_SD05_3604.JPG,2022-07-25,Best Frans,1,1,[101G],
20220725_SD05_3605.JPG,2022-07-25,Best Frans,1,1,[101G],
20220725_SD05_3606.JPG,2022-07-25,Best Frans,1,1,[101G],
20220725_SD05_3607.JPG,2022-07-25,Best Frans,1,1,[101G],
20220725_SD05_3608.JPG,2022-07-25,Best Frans,1,1,[101G],
20220725_SD05_3609.JPG,2022-07-25,Best Frans,1,1,[101G],
20220725_SD05_3610.JPG,2022-07-25,Best Frans,1,1,[101G],
20220725_SD05_3611.JPG,2022-07-25,Best Frans,3,2,"[14F, 139K]",G701
20220725_SD05_3613.JPG,2022-07-25,Best Frans,1,1,[101G],
20220725_SD05_3614.JPG,2022-07-25,Best Frans,1,1,[101G],
20220725_SD05_3615.JPG,2022-07-25,Best Frans,1,1,[101G],
20220725_SD05_3616.JPG,2022-07-25,Best Frans,1,1,[101G],
20220725_SD05_3617.JPG,2022-07-25,Best Frans,1,1,[101G],
20220725_SD05_3618.JPG,2022-07-25,Best Frans,1,1,[101G],
20220725_SD05_3619.JPG,2022-07-25,Best Frans,1,1,[101G],
20220725_SD05_3621.JPG,2022-07-25,Best Frans,1,1,[101G],
20220725_SD05_3625.JPG,2022-07-25,Best Frans,1,1,[19J],
20220725_SD05_3626.JPG,2022-07-25,Best Frans,1,1,[19J],
20220725_SD05_3627.JPG,2022-07-25,Best Frans,1,1,[19J],
20220725_SD05_3628.JPG,2022-07-25,Best Frans,1,1,[19J],
20220725_SD05_3629.JPG,2022-07-25,Best Frans,1,1,[19J],
20220725_SD05_3630.JPG,2022-07-25,Best Frans,1,1,[19J],
20220725_SD05_3631.JPG,2022-07-25,Best Frans,1,1,[19J],
20220725_SD05_3632.JPG,2022-07-25,Best Frans,2,2,"[14F, 139K]",
20220725_SD05_3634.JPG,2022-07-25,Best Frans,2,2,"[14F, 139K]",
20220725_SD05_3636.JPG,2022-07-25,Best Frans,1,1,[G701],"Toy-Grenade, Toy-Hex, Unknown"
20220725_SD05_3637.JPG,2022-07-25,Best Frans,1,1,[G701],"Toy-Grenade, Toy-Hex, Unknown"
20220725_SD05_3638.JPG,2022-07-25,Best Frans,1,1,[G701],"Toy-Grenade, Toy-Hex, Unknown"
20220725_SD05_3640.JPG,2022-07-25,Best Frans,1,1,[G701],"Toy-Grenade, Unknown"
20220725_SD05_3641.JPG,2022-07-25,Best Frans,1,1,[G701],"Toy-Grenade, Unknown"
20220725_SD05_3642.JPG,2022-07-25,Best Frans,1,1,[G701],"Toy-Grenade, Unknown"
20220725_SD05_3643.JPG,2022-07-25,Best Frans,2,1,[G701],"Toy-Grenade, Unknown"
20220725_SD05_3644.JPG,2022-07-25,Best Frans,1,1,[G701],"Toy-Grenade, Unknown"
20220725_SD05_3645.JPG,2022-07-25,Best Frans,1,1,[G701],Toy-Grenade
20220725_SD05_3646.JPG,2022-07-25,Best Frans,1,1,[G701],Toy-Grenade
20220725_SD05_3647.JPG,2022-07-25,Best Frans,1,1,[G701],Toy-Grenade
20220725_SD05_3648.JPG,2022-07-25,Best Frans,1,1,[19J],
20220725_SD05_3650.JPG,2022-07-25,Best Frans,2,1,[19J],Unknown
20220725_SD05_3651.JPG,2022-07-25,Best Frans,2,1,[19J],
20220725_SD05_3652.JPG,2022-07-25,Best Frans,2,1,[19J],
20220725_SD05_3654.JPG,2022-07-25,Best Frans,1,1,[19J],
20220725_SD05_3655.JPG,2022-07-25,Best Frans,1,1,[19J],
20220725_SD05_3656.JPG,2022-07-25,Best Frans,1,1,[19J],
20220725_SD05_3657.JPG,2022-07-25,Best Frans,1,1,[19J],
20220725_SD05_3658.JPG,2022-07-25,Best Frans,1,1,[19J],
20220725_SD05_3659.JPG,2022-07-25,Best Frans,1,1,[19J],
20220725_SD05_3660.JPG,2022-07-25,Best Frans,1,1,[19J],
20220725_SD05_3661.JPG,2022-07-25,Best Frans,1,1,[19J],
20220725_SD05_3662.JPG,2022-07-25,Best Frans,3,3,"[14F, 19J, 139K]",
20220725_SD05_3663.JPG,2022-07-25,Best Frans,3,3,"[14F, 19J, 139K]",
20220725_SD05_3664.JPG,2022-07-25,Best Frans,3,3,"[14F, 19J, 139K]",
20220725_SD05_3665.JPG,2022-07-25,Best Frans,3,3,"[14F, 19J, 139K]",
20220725_SD05_3666.JPG,2022-07-25,Best Frans,3,3,"[14F, 19J, 139K]",
20220725_SD05_3667.JPG,2022-07-25,Best Frans,3,3,"[14F, 19J, 139K]",
20220725_SD05_3668.JPG,2022-07-25,Best Frans,3,3,"[14F, 19J, 139K]",
20220725_SD05_3669.JPG,2022-07-25,Best Frans,3,3,"[14F, 19J, 139K]",
20220725_SD05_3670.JPG,2022-07-25,Best Frans,1,1,[19J],
20220725_SD05_3671.JPG,2022-07-25,Best Frans,2,1,[19J],14F
20220725_SD05_3672.JPG,2022-07-25,Best Frans,1,1,[19J],
20220725_SD05_3675.JPG,2022-07-25,Best Frans,1,1,[19J],
20220725_SD05_3676.JPG,2022-07-25,Best Frans,1,1,[19J],
20220725_SD05_3677.JPG,2022-07-25,Best Frans,1,1,[19J],
20220725_SD05_3678.JPG,2022-07-25,Best Frans,1,1,[19J],
20220725_SD05_3679.JPG,2022-07-25,Best Frans,4,2,"[68F, 122K]","Unknown1, 14F"
20220725_SD05_3680.JPG,2022-07-25,Best Frans,4,2,"[68F, 122K]","Unknown1, 14F"
20220725_SD05_3681.JPG,2022-07-25,Best Frans,4,2,"[68F, 122K]","Unknown1, 14F"
20220725_SD05_3682.JPG,2022-07-25,Best Frans,4,2,"[68F, 122K]","Unknown1, 14F"
20220725_SD05_3684.JPG,2022-07-25,Best Frans,4,4,"[14F, 68F, 122K, 139K]",
20220725_SD05_3685.JPG,2022-07-25,Best Frans,4,4,"[14F, 68F, 122K, 139K]",
20220725_SD05_3686.JPG,2022-07-25,Best Frans,3,3,"[14F, 68F, 139K]",
20220725_SD05_3688.JPG,2022-07-25,Best Frans,3,3,"[68F, 19J, 122K]",
20220725_SD05_3689.JPG,2022-07-25,Best Frans,2,2,"[68F, 122K]",Toy-Grenade
20220725_SD05_3690.JPG,2022-07-25,Best Frans,2,2,"[68F, 122K]",
20220725_SD05_3691.JPG,2022-07-25,Best Frans,2,2,"[68F, 122K]",
20220725_SD05_3692.JPG,2022-07-25,Best Frans,2,2,"[68F, 122K]",
20220725_SD05_3693.JPG,2022-07-25,Best Frans,2,2,"[68F, 122K]",
20220725_SD05_3694.JPG,2022-07-25,Best Frans,1,1,[G701],"Toy-Grenade, Toy-Hex"
20220725_SD05_3695.JPG,2022-07-25,Best Frans,1,1,[G701],"Toy-Grenade, Toy-Hex"
20220725_SD05_3696.JPG,2022-07-25,Best Frans,3,3,"[14F, 19J, 139K]",
20220725_SD05_3697.JPG,2022-07-25,Best Frans,3,3,"[14F, 19J, 139K]",
20220725_SD05_3699.JPG,2022-07-25,Best Frans,2,2,"[68F, 122K]",
20220725_SD05_3700.JPG,2022-07-25,Best Frans,2,2,"[68F, 122K]",
20220725_SD05_3701.JPG,2022-07-25,Best Frans,2,2,"[68F, 122K]",
20220725_SD05_3702.JPG,2022-07-25,Best Frans,2,2,"[68F, 122K]",
20220725_SD05_3703.JPG,2022-07-25,Best Frans,2,2,"[68F, 122K]",
20220725_SD05_3705.JPG,2022-07-25,Best Frans,1,1,[G701],"Toy-Grenade, Toy-Hex"
20220725_SD05_3706.JPG,2022-07-25,Best Frans,1,1,[G701],Toy-Hex
20220725_SD05_3707.JPG,2022-07-25,Best Frans,1,1,[G701],Toy-Hex
20220725_SD05_3708.JPG,2022-07-25,Best Frans,1,1,[G701],Toy-Hex
20220725_SD05_3709.JPG,2022-07-25,Best Frans,1,1,[G701],Toy-Hex
20220725_SD05_3711.JPG,2022-07-25,Best Frans,1,1,[G701],Toy-Hex
20220725_SD05_3716.JPG,2022-07-25,Best Frans,4,4,"[14F, 68F, 122K, 139K]",
20220725_SD05_3717.JPG,2022-07-25,Best Frans,4,4,"[14F, 68F, 122K, 139K]",
20220725_SD05_3718.JPG,2022-07-25,Best Frans,4,4,"[14F, 68F, 122K, 139K]",
20220725_SD05_3730.JPG,2022-07-25,Best Frans,2,2,"[68F, 122K]",
20220725_SD05_3731.JPG,2022-07-25,Best Frans,2,2,"[68F, 122K]",
20220725_SD05_3732.JPG,2022-07-25,Best Frans,2,2,"[68F, 122K]",
20220725_SD05_3733.JPG,2022-07-25,Best Frans,2,2,"[68F, 122K]",
20220725_SD05_3734.JPG,2022-07-25,Best Frans,1,1,[G701],
20220725_SD05_3735.JPG,2022-07-25,Best Frans,1,1,[G701],
20220725_SD05_3791.JPG,2022-07-25,Best Frans,3,3,"[G701, 14F, 139K]",Toy-Kong
20220725_SD05_3792.JPG,2022-07-25,Best Frans,3,3,"[G701, 14F, 139K]",Toy-Kong
20220725_SD05_3793.JPG,2022-07-25,Best Frans,1,1,[19J],
20220725_SD05_3794.JPG,2022-07-25,Best Frans,3,3,"[G701, 14F, 139K]",Toy-Kong
20220725_SD05_3883.JPG,2022-07-25,Best Frans,2,2,"[G701, 101G]",
20220725_SD05_3884.JPG,2022-07-25,Best Frans,2,2,"[G701, 101G]",
20220725_SD05_3885.JPG,2022-07-25,Best Frans,2,2,"[G701, 101G]",
20220725_SD05_3887.JPG,2022-07-25,Best Frans,2,2,"[G701, 101G]",
20220725_SD05_3888.JPG,2022-07-25,Best Frans,2,2,"[G701, 101G]",
20220725_SD05_3894.JPG,2022-07-25,Best Frans,2,2,"[G701, 101G]",
20220725_SD05_3896.JPG,2022-07-25,Best Frans,2,2,"[G701, 101G]",
20220725_SD05_3897.JPG,2022-07-25,Best Frans,2,2,"[G701, 101G]",
20220725_SD05_3898.JPG,2022-07-25,Best Frans,2,2,"[G701, 101G]",
20220725_SD05_3902.JPG,2022-07-25,Best Frans,2,2,"[G701, 101G]",
20220725_SD05_3903.JPG,2022-07-25,Best Frans,2,2,"[G701, 101G]",
20220725_SD05_3904.JPG,2022-07-25,Best Frans,2,2,"[G701, 101G]",
20220725_SD05_3906.JPG,2022-07-25,Best Frans,4,4,"[14F, 68F, 122K, 139K]",
20220725_SD05_3908.JPG,2022-07-25,Best Frans,2,2,"[G701, 101G]",
20220725_SD05_3912.JPG,2022-07-25,Best Frans,2,2,"[G701, 101G]",
20220725_SD05_3913.JPG,2022-07-25,Best Frans,3,3,"[14F, 19J, 139K]",
20220725_SD05_3918.JPG,2022-07-25,Best Frans,2,2,"[G701, 101G]",
20220725_SD05_3919.JPG,2022-07-25,Best Frans,2,2,"[G701, 101G]",
20220725_SD05_3921.JPG,2022-07-25,Best Frans,2,2,"[G701, 101G]",
20220725_SD05_3929.JPG,2022-07-25,Best Frans,2,2,"[G701, 101G]",
20220725_SD05_3932.JPG,2022-07-25,Best Frans,2,2,"[G701, 101G]",
20220725_SD05_3939.JPG,2022-07-25,Best Frans,2,2,"[68F, 122K]",
20220725_SD05_3940.JPG,2022-07-25,Best Frans,2,2,"[68F, 122K]",
20220725_SD05_3941.JPG,2022-07-25,Best Frans,2,2,"[68F, 122K]",
20220725_SD05_3942.JPG,2022-07-25,Best Frans,2,2,"[68F, 122K]",
20220725_SD05_3943.JPG,2022-07-25,Best Frans,2,2,"[68F, 122K]",
20220725_SD05_3944.JPG,2022-07-25,Best Frans,2,2,"[G701, 101G]",
20220725_SD05_3945.JPG,2022-07-27,Best Frans,2,2,"[G701, 101G]",
20220725_SD05_3946.JPG,2022-07-27,Best Frans,2,2,"[G701, 101G]",
20220725_SD05_3947.JPG,2022-07-27,Best Frans,2,2,"[G701, 101G]",
20220725_SD05_3948.JPG,2022-07-27,Best Frans,2,2,"[G701, 101G]",
20220725_SD05_3949.JPG,2022-07-27,Best Frans,2,2,"[G701, 101G]",
20220725_SD05_3953.JPG,2022-07-27,Best Frans,2,2,"[G701, 101G]",
20220725_SD05_3956.JPG,2022-07-27,Best Frans,2,2,"[68F, 122K]",
20220725_SD05_3957.JPG,2022-07-27,Best Frans,2,2,"[68F, 122K]",
20220725_SD05_3960.JPG,2022-07-27,Best Frans,2,2,"[68F, 122K]",
20220725_SD05_3961.JPG,2022-07-27,Best Frans,2,2,"[68F, 122K]",
20220725_SD05_4099.JPG,2022-07-27,Best Frans,1,1,[101G],
20220725_SD05_4101.JPG,2022-07-27,Best Frans,1,1,[101G],Toy-Kong
20220725_SD05_4102.JPG,2022-07-27,Best Frans,1,1,[101G],Toy-Kong
20220725_SD05_4103.JPG,2022-07-27,Best Frans,1,1,[101G],Toy-Kong
20220725_SD05_4104.JPG,2022-07-27,Best Frans,3,1,[19J],"Unknown1, Unknown2"
20220725_SD05_4106.JPG,2022-07-27,Best Frans,1,1,[101G],Toy-Kong
20220725_SD05_4107.JPG,2022-07-27,Best Frans,1,1,[101G],Toy-Kong
20220725_SD05_4108.JPG,2022-07-27,Best Frans,1,1,[101G],Toy-Kong
20220725_SD05_4109.JPG,2022-07-27,Best Frans,1,1,[101G],Toy-Kong
20220725_SD05_4113.JPG,2022-07-27,Best Frans,1,1,[19J],
20220725_SD05_4114.JPG,2022-07-27,Best Frans,1,1,[19J],
20220725_SD05_4115.JPG,2022-07-27,Best Frans,1,1,[101G],Toy-Kong
20220725_SD05_4117.JPG,2022-07-27,Best Frans,1,1,[101G],Toy-Kong
20220725_SD05_4121.JPG,2022-07-27,Best Frans,1,1,[101G],Toy-Kong
20220725_SD05_4122.JPG,2022-07-27,Best Frans,1,1,[101G],Toy-Kong
20220725_SD05_4123.JPG,2022-07-27,Best Frans,3,3,"[G701, 68F, 122K]",122K not shown
20220725_SD05_4124.JPG,2022-07-27,Best Frans,3,3,"[G701, 68F, 122K]",122K not shown
20220725_SD05_4125.JPG,2022-07-27,Best Frans,2,2,"[G701, 68F]",
20220725_SD05_4126.JPG,2022-07-27,Best Frans,3,2,"[G701, 68F]",
20220725_SD05_4128.JPG,2022-07-27,Best Frans,2,2,"[G701, 68F]",
20220725_SD05_4129.JPG,2022-07-27,Best Frans,3,3,"[G701, 68F, 122K]",122K not shown
20220725_SD05_4130.JPG,2022-07-27,Best Frans,3,3,"[G701, 68F, 122K]",
20220725_SD05_4131.JPG,2022-07-27,Best Frans,3,3,"[G701, 68F, 122K]",
20220725_SD05_4132.JPG,2022-07-27,Best Frans,3,3,"[G701, 68F, 122K]",
20220725_SD05_4133.JPG,2022-07-27,Best Frans,3,3,"[G701, 68F, 122K]",
20220725_SD05_4134.JPG,2022-07-27,Best Frans,3,3,"[G701, 68F, 122K]",
20220725_SD05_4135.JPG,2022-07-27,Best Frans,3,3,"[G701, 68F, 122K]",
20220725_SD05_4136.JPG,2022-07-27,Best Frans,3,3,"[G701, 68F, 122K]",
20220725_SD05_4137.JPG,2022-07-27,Best Frans,1,1,[101G],Toy-Kong
20220725_SD05_4138.JPG,2022-07-27,Best Frans,1,1,[101G],Toy-Kong
20220725_SD05_4143.JPG,2022-07-27,Best Frans,1,1,[101G],
20220725_SD05_4144.JPG,2022-07-27,Best Frans,1,1,[101G],
20220725_SD05_4145.JPG,2022-07-27,Best Frans,2,2,"[G701, 68F]",
20220725_SD05_4146.JPG,2022-07-27,Best Frans,3,3,"[G701, 68F, 122K]",
20220725_SD05_4147.JPG,2022-07-27,Best Frans,3,3,"[G701, 68F, 122K]",
20220725_SD05_4148.JPG,2022-07-27,Best Frans,3,3,"[G701, 68F, 122K]",
20220725_SD05_4150.JPG,2022-07-27,Best Frans,1,1,[101G],Toy-Kong
20220725_SD05_4151.JPG,2022-07-27,Best Frans,1,1,[101G],Toy-Kong
20220725_SD05_4152.JPG,2022-07-27,Best Frans,1,1,[101G],Toy-Kong
20220725_SD05_4157.JPG,2022-07-27,Best Frans,1,1,[101G],
20220725_SD05_4158.JPG,2022-07-27,Best Frans,3,3,"[14F, 19J, 139K]",
20220725_SD05_4159.JPG,2022-07-27,Best Frans,3,3,"[14F, 19J, 139K]",
20220725_SD05_4160.JPG,2022-07-27,Best Frans,2,2,"[14F, 19J]",
20220804_SD05_5563.JPG,2022-08-04,Best Frans,3,3,"[14F, 19J, 139K]",
20220804_SD05_5566.JPG,2022-08-04,Best Frans,2,2,"[14F, 139K]",
20220804_SD05_5568.JPG,2022-08-04,Best Frans,2,2,"[68F, 122K]",
20220804_SD05_5569.JPG,2022-08-04,Best Frans,2,2,"[68F, 122K]",
20220804_SD05_5570.JPG,2022-08-04,Best Frans,2,2,"[68F, 122K]",
20220804_SD05_5572.JPG,2022-08-04,Best Frans,3,3,"[14F, 19J, 139K]",
20220804_SD05_5706.JPG,2022-08-04,Best Frans,2,2,"[14F, 139K]",
20220804_SD05_5708.JPG,2022-08-04,Best Frans,2,2,"[14F, 139K]",
20220804_SD05_5710.JPG,2022-08-04,Best Frans,2,2,"[101G, 19J]",
20220804_SD05_5712.JPG,2022-08-04,Best Frans,2,2,"[101G, 19J]",
20220804_SD05_5713.JPG,2022-08-04,Best Frans,2,2,"[101G, 19J]",
20220804_SD05_5714.JPG,2022-08-04,Best Frans,2,2,"[101G, 19J]",
20220804_SD05_5716.JPG,2022-08-04,Best Frans,3,2,"[101G, 19J]",
20220804_SD05_5717.JPG,2022-08-04,Best Frans,3,2,"[101G, 19J]",
20220804_SD05_5722.JPG,2022-08-04,Best Frans,2,1,[G701],Unknown
20220804_SD05_5731.JPG,2022-08-04,Best Frans,1,1,[19J],
20220804_SD05_5736.JPG,2022-08-04,Best Frans,2,2,"[101G, 19J]",
20220804_SD05_5738.JPG,2022-08-04,Best Frans,2,2,"[14F, 139K]",
20220804_SD05_5739.JPG,2022-08-04,Best Frans,2,2,"[14F, 139K]",
20220804_SD05_5745.JPG,2022-08-04,Best Frans,2,2,"[14F, 139K]",
20220804_SD05_5746.JPG,2022-08-04,Best Frans,2,2,"[68F, 122K]",
20220804_SD05_5751.JPG,2022-08-04,Best Frans,2,2,"[14F, 139K]",
20220804_SD05_5753.JPG,2022-08-04,Best Frans,2,2,"[14F, 139K]",
20220804_SD05_5754.JPG,2022-08-04,Best Frans,2,2,"[14F, 139K]",
20220804_SD05_5755.JPG,2022-08-04,Best Frans,2,2,"[14F, 139K]",
20220804_SD05_5760.JPG,2022-08-04,Best Frans,2,2,"[101G, 19J]",
20220804_SD05_5761.JPG,2022-08-04,Best Frans,1,1,[19J],
20220804_SD05_5763.JPG,2022-08-04,Best Frans,1,1,[101G],
20220804_SD05_5765.JPG,2022-08-04,Best Frans,1,1,[101G],
20220804_SD05_5769.JPG,2022-08-04,Best Frans,1,1,[101G],
20220804_SD05_5770.JPG,2022-08-04,Best Frans,1,1,[101G],
20220804_SD05_5774.JPG,2022-08-04,Best Frans,2,2,"[68F, 122K]",
20220804_SD05_5775.JPG,2022-08-04,Best Frans,2,2,"[68F, 122K]",
20220810_SD05_6218.JPG,2022-08-17,Best Frans,1,1,[101G],Toy-Kong
20220810_SD05_6219.JPG,2022-08-17,Best Frans,1,1,[101G],Toy-Kong
20220810_SD05_6222.JPG,2022-08-17,Best Frans,1,1,[68F],
20220810_SD05_6223.JPG,2022-08-17,Best Frans,1,1,[101G],Toy-Kong
20220810_SD05_6224.JPG,2022-08-17,Best Frans,1,1,[101G],Toy-Kong
20220810_SD05_6225.JPG,2022-08-17,Best Frans,1,1,[101G],Toy-Kong
