FILE_NAME,DATE_ANNOTATED,MKGROUP,MKIDS,TOYS,UNKNOWN_GUESS,COMMENTS,CAGE
20220308_SD02_2946.JPG,6/27/22,Zombies,"[7124, 110E, 151J]",,,,
20220308_SD02_2954.JPG,6/27/22,Zombies,"[7124, 110E, 151J]",,,,
20220308_SD02_2955.JPG,6/27/22,Zombies,"[7124, 110E, 151J]",,,,
20220308_SD02_2956.JPG,6/27/22,Zombies,"[7124, 110E, 151J]",,,,
20220308_SD02_2958.JPG,6/27/22,Zombies,[67G],,,,
20220308_SD02_2959.JPG,6/27/22,Zombies,[67G],,,,
20220308_SD02_2960.JPG,6/27/22,Zombies,[67G],,,,
20220308_SD02_2961.JPG,6/27/22,Zombies,[67G],,,,
20220308_SD02_2963.JPG,6/27/22,Zombies,[67G],,,,
20220308_SD02_2964.JPG,6/27/22,Zombies,"[7124, 110E, 151J]",,,,
20220308_SD02_2974.JPG,6/27/22,Zombies,"[7124, 110E, 151J]",,,,
20220308_SD02_2981.JPG,6/27/22,Zombies,[94B],,,,
20220308_SD02_2982.JPG,6/27/22,Zombies,"[7124, 110E, 151J]",,,,
20220308_SD02_2984.JPG,6/27/22,Zombies,[7124],,,,
20220308_SD02_2986.JPG,6/27/22,Zombies,[72X],,,,
20220308_SD02_2987.JPG,6/27/22,Zombies,[72X],,,,
20220308_SD02_2988.JPG,6/27/22,Zombies,[67G],,,,
20220308_SD02_2991.JPG,6/27/22,Zombies,[67G],,,,
20220308_SD02_2993.JPG,6/27/22,Zombies,[143H],,,,
20220308_SD02_2994.JPG,6/27/22,Zombies,[143H],,,,
20220308_SD02_2995.JPG,6/27/22,Zombies,[143H],,,,
20220308_SD02_2996.JPG,6/27/22,Zombies,[143H],,,,
20220308_SD02_3000.JPG,6/27/22,Zombies,[143H],,,,
20220308_SD02_3001.JPG,6/27/22,Zombies,[67G],,,,
20220308_SD02_3002.JPG,6/27/22,Zombies,[67G],,,,
20220308_SD02_3003.JPG,6/27/22,Zombies,[72X],,,,
20220308_SD02_3004.JPG,6/27/22,Zombies,[72X],,,,
20220308_SD02_3012.JPG,6/27/22,Zombies,[69X],,,,
20220308_SD02_3013.JPG,6/27/22,Zombies,[69X],,,,
20220308_SD02_3015.JPG,6/27/22,Zombies,"[94B, 87J]",,,,
20220308_SD02_3016.JPG,6/27/22,Zombies,[94B],,,,
20220308_SD02_3017.JPG,6/27/22,Zombies,[94B],,,,
20220317_SD02_3089.JPG,6/27/22,Zombies,"[110E, 151J]",,,,
20220317_SD02_3096.JPG,6/27/22,Zombies,[7124],,,,
20220317_SD02_3103.JPG,6/27/22,Zombies,"[110E, 151J]",,,,
20220317_SD02_3105.JPG,6/27/22,Zombies,[7124],,,,
20220406_SD01_3774.JPG,6/27/22,Zombies,[94B],,,,
20220406_SD01_3778.JPG,6/27/22,Zombies,[87J],,,,
20220406_SD01_3781.JPG,6/27/22,Zombies,[81G],,,,
20220406_SD01_3780.JPG,6/27/22,Zombies,[81G],,,,
20220406_SD01_3782.JPG,6/27/22,Zombies,[143H],,,,
20220406_SD01_3784.JPG,6/27/22,Zombies,"[110E, Unknown1]",,J,,
20220406_SD01_3785.JPG,6/27/22,Zombies,"[110E, Unknown1]",,J,,
20220406_SD01_3786.JPG,6/27/22,Zombies,[7124],,,,
20220406_SD01_3790.JPG,6/27/22,Zombies,[81G],,,,
20220406_SD01_3791.JPG,6/27/22,Zombies,[Unknown1],,J,,
20220406_SD01_3796.JPG,6/27/22,Zombies,[143H],,,,
20220406_SD01_3806.JPG,6/27/22,Zombies,[143H],,,,
20220406_SD01_3807.JPG,6/27/22,Zombies,[69X],,,,
20220406_SD01_3812.JPG,6/27/22,Zombies,"[72X, 143H]",,,,
20220406_SD01_3813.JPG,6/27/22,Zombies,"[72X, 143H, Unknown1]",,J,,
20220415_SD01_4192.JPG,6/27/22,Zombies,[94B],,,,
20220415_SD01_4198.JPG,6/27/22,Zombies,[81G],,,,Triangle
20220415_SD01_4202.JPG,6/27/22,Zombies,[Unknown1],"Lucky Clover Chew, Unknown",J,,
20220415_SD01_4209.JPG,6/27/22,Zombies,[72X],,,,
20220415_SD01_4210.JPG,6/27/22,Zombies,[72X],,,,
20220415_SD01_4213.JPG,6/27/22,Zombies,"[143H, Unknown1]",,Adult Female,,
20220415_SD01_4214.JPG,6/27/22,Zombies,[69X],,,,
20220415_SD01_4220.JPG,6/27/22,Zombies,"[94B, 87J]",,,,
20220415_SD01_4232.JPG,6/27/22,Zombies,[143H],,,,
20220415_SD01_4238.JPG,6/27/22,Zombies,"[110E, 151J]",,,,
20220415_SD01_4239.JPG,6/27/22,Zombies,"[110E, 151J]",,,,
20220415_SD01_4240.JPG,6/27/22,Zombies,[81G],,,,
20220415_SD01_4241.JPG,6/27/22,Zombies,[81G],,,,
20220415_SD01_4246.JPG,6/27/22,Zombies,[69X],,,,
20220421_SD02_4861.JPG,6/27/22,Zombies,[Unknown1],,J,,
20220421_SD02_4865.JPG,6/27/22,Zombies,"[69X, 143H]",Kong,,,
20220421_SD02_4866.JPG,6/27/22,Zombies,"[69X, 143H]",Kong,,,
20220421_SD02_4869.JPG,6/27/22,Zombies,[94B],,,,
20220421_SD02_4873.JPG,6/27/22,Zombies,[94B],,,,
20220421_SD02_4876.JPG,6/27/22,Zombies,[143H],,,,
20220421_SD02_4877.JPG,6/27/22,Zombies,[94B],,,,
20220421_SD02_4880.JPG,6/27/22,Zombies,"[69X, 143H]",Kong,,,
20220421_SD02_4881.JPG,6/27/22,Zombies,"[69X, 143H]",Kong,,,
20220421_SD02_4883.JPG,6/27/22,Zombies,[110E],,,,
20220421_SD02_4884.JPG,6/27/22,Zombies,[110E],,,,
20220421_SD02_4885.JPG,6/27/22,Zombies,[110E],,,,
20220421_SD02_4887.JPG,6/27/22,Zombies,[94B],,,,
20220421_SD02_4888.JPG,6/27/22,Zombies,[69X],Swing,,,Swing
20220421_SD02_4889.JPG,6/27/22,Zombies,[69X],Swing,,,Swing
20220421_SD02_4890.JPG,6/27/22,Zombies,[69X],Swing,,,Swing
20220421_SD02_4893.JPG,6/27/22,Zombies,"[67G, 143H]",Ziggs,,,
20220421_SD02_4894.JPG,6/27/22,Zombies,"[67G, 143H]",,,,
20220421_SD02_4895.JPG,6/27/22,Zombies,[143H],,,,
20220421_SD02_4896.JPG,6/27/22,Zombies,[Unknown1],,J,,
20220421_SD02_4897.JPG,6/27/22,Zombies,[Unknown1],,J,,
20220421_SD02_4898.JPG,6/27/22,Zombies,[Unknown1],,J,,
20220421_SD02_4899.JPG,6/27/22,Zombies,[Unknown1],,J,,
20220421_SD02_4900.JPG,6/27/22,Zombies,[Unknown1],,J,,
20220421_SD02_4901.JPG,6/27/22,Zombies,[Unknown1],,J,,
20220421_SD02_4903.JPG,6/27/22,Zombies,[94B],,,,
20220421_SD02_4904.JPG,6/27/22,Zombies,[94B],,,,
20220421_SD02_4905.JPG,6/27/22,Zombies,[69X],Ziggs,,,
20220421_SD02_4912.JPG,6/27/22,Zombies,[69X],,,,
20220421_SD02_4913.JPG,6/27/22,Zombies,[69X],,,,
20220421_SD02_4914.JPG,6/27/22,Zombies,[69X],,,,
20220421_SD02_4915.JPG,6/27/22,Zombies,[69X],,,,
20220421_SD02_5010.JPG,6/27/22,Zombies,"[110E, 151J]",,,,
20220421_SD02_5012.JPG,6/27/22,Zombies,[151J],,,,
20220421_SD02_5013.JPG,6/27/22,Zombies,"[7124, Unknown1]",,NN,,
20220421_SD02_5014.JPG,6/27/22,Zombies,"[110E, 151J]",,,,
20220421_SD02_5015.JPG,6/27/22,Zombies,"[81G, 59K]",,,,
20220421_SD02_5023.JPG,6/27/22,Zombies,"[81G, 59K]",,,,
20220421_SD02_5024.JPG,6/27/22,Zombies,"[7124, 110E, 151J]",,,,
20220421_SD02_5026.JPG,6/27/22,Zombies,"[7124, 110E, 151J]",,,,
20220421_SD02_5027.JPG,6/27/22,Zombies,"[7124, 110E, 151J]",,,,
20220421_SD02_5028.JPG,6/27/22,Zombies,"[7124, 110E]",,,,
20220421_SD02_5029.JPG,6/27/22,Zombies,"[7124, 110E]",,,,
20220421_SD02_5030.JPG,6/27/22,Zombies,"[7124, 110E]",,,,
20220421_SD02_5031.JPG,6/27/22,Zombies,"[7124, 110E]",,,,
20220421_SD02_5032.JPG,6/27/22,Zombies,"[7124, 110E]",,,,
20220421_SD02_5037.JPG,6/27/22,Zombies,"[7124, 110E, 151J]",,,,
20220421_SD02_5043.JPG,6/27/22,Zombies,"[7124, 110E]",,,,
20220421_SD02_5047.JPG,6/27/22,Zombies,"[7124, 110E]",,,,
20220421_SD02_5054.JPG,6/27/22,Zombies,"[94B, 87J]",,,,
20220421_SD02_5057.JPG,6/27/22,Zombies,"[94B, 87J]",,,,
20220421_SD02_5063.JPG,6/27/22,Zombies,"[7124, 110E, 151J]",,,,
20220421_SD02_5066.JPG,6/27/22,Zombies,"[7124, 110E, 151J]",,,,
20220426_SD02_5324.JPG,6/27/22,Zombies,[143H],,,,
20220426_SD02_5325.JPG,6/27/22,Zombies,[143H],,,,
20220426_SD02_5330.JPG,6/27/22,Zombies,"[81G, 59K]",,,,
20220426_SD02_5331.JPG,6/27/22,Zombies,[69X],,,,
20220426_SD02_5333.JPG,6/27/22,Zombies,[94B],Ziggs,,,
20220426_SD02_5336.JPG,6/27/22,Zombies,"[69X, 143H]",,,,
20220426_SD02_5338.JPG,6/27/22,Zombies,[143H],,,,Swing
20220426_SD02_5339.JPG,6/27/22,Zombies,[143H],,,,
20220426_SD02_5341.JPG,6/27/22,Zombies,[69X],,,,
20220426_SD02_5342.JPG,6/27/22,Zombies,[143H],,,,
20220426_SD02_5343.JPG,6/27/22,Zombies,[69X],,,,
20220426_SD02_5344.JPG,6/27/22,Zombies,[69X],,,,
20220426_SD02_5345.JPG,6/27/22,Zombies,[143H],,,,
20220426_SD02_5349.JPG,6/27/22,Zombies,"[69X, 143H]",,,,
20220426_SD02_5350.JPG,6/27/22,Zombies,[69X],,,,
20220426_SD02_5352.JPG,6/27/22,Zombies,"[94B, 87J]",,,,
20220426_SD02_5353.JPG,6/27/22,Zombies,"[94B, 87J]",Ziggs,,,
20220426_SD02_5354.JPG,6/27/22,Zombies,"[94B, 87J]",Ziggs,,,
20220426_SD02_5356.JPG,6/27/22,Zombies,[72X],,,,
20220426_SD02_5357.JPG,6/27/22,Zombies,"[69X, 143H]",,,,
20220426_SD02_5358.JPG,6/27/22,Zombies,"[69X, 143H, 110E]",,,,
20220426_SD02_5359.JPG,6/27/22,Zombies,"[69X, 143H]",,,,
20220426_SD02_5360.JPG,6/27/22,Zombies,"[69X, 143H]",,,,
20220426_SD02_5361.JPG,6/27/22,Zombies,"[69X, 143H]",,,,
20220426_SD02_5362.JPG,6/27/22,Zombies,"[81G, 59K]",,,,
20220426_SD02_5364.JPG,6/27/22,Zombies,[143H],,,,
20220426_SD02_5365.JPG,6/27/22,Zombies,[94B],,,,
20220426_SD02_5366.JPG,6/27/22,Zombies,[94B],,,,
20220426_SD02_5369.JPG,6/27/22,Zombies,[72X],,,,
20220426_SD02_5372.JPG,6/27/22,Zombies,"[72X, Unknown1]",,NN,,
20220426_SD02_5374.JPG,6/27/22,Zombies,[72X],,,,
20220426_SD02_5375.JPG,6/27/22,Zombies,"[94B, 87J]",,,,
20220426_SD02_5376.JPG,6/27/22,Zombies,"[94B, 87J]",,,,
20220426_SD02_5377.JPG,6/27/22,Zombies,"[94B, 87J]",,,,
20220426_SD02_5378.JPG,6/27/22,Zombies,"[94B, 87J]",,,,
20220426_SD02_5380.JPG,6/27/22,Zombies,[67G],,,,
20220426_SD02_5381.JPG,6/27/22,Zombies,[67G],,,,
20220426_SD02_5386.JPG,6/27/22,Zombies,"[67G, 151J]",,,,
20220426_SD02_5387.JPG,6/27/22,Zombies,[67G],,,,
20220426_SD02_5388.JPG,6/27/22,Zombies,[67G],,,,
20220426_SD02_5389.JPG,6/27/22,Zombies,"[151J, Unknown1]",,NN,,
20220426_SD02_5391.JPG,6/27/22,Zombies,"[67G, 151J]",,,,
20220426_SD02_5395.JPG,6/27/22,Zombies,"[143H, Unknown1]",,NN,,
20220426_SD02_5396.JPG,6/27/22,Zombies,"[81G, 59K]",,,,
20220426_SD02_5397.JPG,6/27/22,Zombies,"[81G, 59K]",,,,
20220426_SD02_5398.JPG,6/27/22,Zombies,"[69X, 81G, 59K]",,,,
20220426_SD02_5399.JPG,6/27/22,Zombies,"[69X, Unknown1]",,NN,,
20220426_SD02_5400.JPG,6/27/22,Zombies,[69X],,,,
20220426_SD02_5404.JPG,6/27/22,Zombies,[Unknown1],,J,,
20220426_SD02_5405.JPG,6/27/22,Zombies,"[Unknown1,  Unknown2]",,"J, 72X",,
20220426_SD02_5408.JPG,6/27/22,Zombies,"[72X, 143H]",,,,
20220426_SD02_5409.JPG,6/27/22,Zombies,"[81G, 59K]",,,,
20220426_SD02_5411.JPG,6/27/22,Zombies,[Unknown1],,J,,
20220426_SD02_5413.JPG,6/27/22,Zombies,"[81G, 59K]",,,,
20220426_SD02_5414.JPG,6/27/22,Zombies,"[81G, 59K]",,,,Swing
20220426_SD02_5415.JPG,6/27/22,Zombies,"[81G, 59K]",,,,Swing
20220426_SD02_5416.JPG,6/27/22,Zombies,"[81G, 59K]",,,,Swing
20220426_SD02_5417.JPG,6/27/22,Zombies,"[81G, 59K]",,,,Swing
20220426_SD02_5421.JPG,6/27/22,Zombies,[69X],,,,
20220426_SD02_5427.JPG,6/27/22,Zombies,"[69X, 143H]",,,,
20220426_SD02_5428.JPG,6/27/22,Zombies,"[69X, 143H]",,,,
20220426_SD02_5434.JPG,6/27/22,Zombies,[143H],,,,
20220426_SD02_5435.JPG,6/27/22,Zombies,[143H],,,,
20220426_SD02_5436.JPG,6/27/22,Zombies,[143H],Dental Kong,,,
20220426_SD02_5437.JPG,6/27/22,Zombies,[69X],,,,
20220426_SD02_5444.JPG,6/27/22,Zombies,[110E],,,,
20220426_SD02_5452.JPG,6/27/22,Zombies,[69X],,,,
20220426_SD02_5461.JPG,6/27/22,Zombies,"[7124, 110E]",,,,
20220426_SD02_5469.JPG,6/27/22,Zombies,[7124],,,,
20220426_SD02_5482.JPG,6/27/22,Zombies,"[7124, 110E]",,,,
20220426_SD02_5484.JPG,6/27/22,Zombies,"[7124, 110E]",,,,
20220426_SD02_5485.JPG,6/27/22,Zombies,"[7124, 110E]",,,,
20220426_SD02_5494.JPG,6/27/22,Zombies,[94B],,,,
20220426_SD02_5495.JPG,6/27/22,Zombies,"[69X, 94B]",,,,
20220426_SD02_5496.JPG,6/27/22,Zombies,"[69X, 94B]",,,,
20220426_SD02_5498.JPG,6/27/22,Zombies,"[69X, 94B]",,,,
20220426_SD02_5499.JPG,6/27/22,Zombies,[69X],,,,
20220426_SD02_5500.JPG,6/27/22,Zombies,[143H],,,,Swing
20220426_SD02_5501.JPG,6/27/22,Zombies,[143H],,,,Swing
20220426_SD02_5504.JPG,6/27/22,Zombies,[143H],,,,Swing
20220426_SD02_5505.JPG,6/27/22,Zombies,[143H],,,,Swing
20220426_SD02_5506.JPG,6/27/22,Zombies,[143H],,,,Swing
20220426_SD02_5507.JPG,6/27/22,Zombies,[143H],,,,Swing
20220426_SD02_5509.JPG,6/27/22,Zombies,[143H],,,,Swing
20220426_SD02_5510.JPG,6/27/22,Zombies,[143H],,,,Swing
20220426_SD02_5511.JPG,6/27/22,Zombies,[143H],,,,Swing
20220426_SD02_5512.JPG,6/27/22,Zombies,[143H],,,,Swing
20220426_SD02_5513.JPG,6/27/22,Zombies,[143H],,,,Swing
20220426_SD02_5514.JPG,6/27/22,Zombies,[143H],,,,Swing
20220426_SD02_5518.JPG,6/27/22,Zombies,[143H],,,,Swing
20220426_SD02_5525.JPG,6/27/22,Zombies,[69X],,,,
20220426_SD02_5531.JPG,6/27/22,Zombies,"[81G, 59K]",,,,
20220426_SD02_5534.JPG,6/27/22,Zombies,"[7124, 110E]",,,,
20220426_SD02_5535.JPG,6/27/22,Zombies,"[7124, 110E]",,,,
20220426_SD02_5536.JPG,6/27/22,Zombies,"[7124, 110E]",,,,
20220426_SD02_5537.JPG,6/27/22,Zombies,"[7124, 110E]",,,,
20220426_SD02_5538.JPG,6/27/22,Zombies,"[7124, 110E]",,,,
20220426_SD02_5540.JPG,6/27/22,Zombies,"[72X, 81G, 59K]",,,,
20220426_SD02_5541.JPG,6/27/22,Zombies,"[72X, 81G, 59K]",,,,
20220426_SD02_5545.JPG,6/27/22,Zombies,"[87J, 151J]",,,cannot distinguish,
20220426_SD02_5546.JPG,6/27/22,Zombies,"[69X, 143H]",,,,
20220426_SD02_5547.JPG,6/27/22,Zombies,"[69X, 143H]",,,,
20220426_SD02_5548.JPG,6/27/22,Zombies,"[69X, 143H]",,,,
20220426_SD02_5549.JPG,6/27/22,Zombies,"[69X, 143H]",,,,
20220426_SD02_5550.JPG,6/27/22,Zombies,"[69X, 143H]",,,,
20220426_SD02_5551.JPG,6/27/22,Zombies,"[69X, 143H]",,,,
20220426_SD02_5552.JPG,6/27/22,Zombies,"[69X, 143H]",,,,
20220426_SD02_5553.JPG,6/27/22,Zombies,"[69X, 143H]",,,,
20220426_SD02_5554.JPG,6/27/22,Zombies,"[69X, 143H]",,,,
20220426_SD02_5556.JPG,6/27/22,Zombies,[151J],,,,
20220426_SD02_5557.JPG,6/27/22,Zombies,"[87J, 151J]",,,cannot distinguish,
20220426_SD02_5558.JPG,6/27/22,Zombies,"[87J, 151J]",,,cannot distinguish,
20220426_SD02_5559.JPG,6/27/22,Zombies,"[87J, 151J]",,,cannot distinguish,
20220426_SD02_5566.JPG,6/27/22,Zombies,[72X],,,,
20220426_SD02_5569.JPG,6/27/22,Zombies,[94B],,,,
20220426_SD02_5571.JPG,6/27/22,Zombies,"[69X, 143H]",,,,
20220426_SD02_5583.JPG,6/27/22,Zombies,[143H],,,,
20220426_SD02_5592.JPG,6/27/22,Zombies,[143H],,,,
20220426_SD02_5594.JPG,6/27/22,Zombies,[69X],,,,
20220426_SD02_5597.JPG,6/27/22,Zombies,[Unknown1],,J,,
20220426_SD02_5598.JPG,6/27/22,Zombies,[Unknown1],,J,,
20220426_SD02_5603.JPG,6/27/22,Zombies,[Unknown1],,J,,
20220426_SD02_5604.JPG,6/27/22,Zombies,[143H],Unknown,,,
20220503_SD03_5801.JPG,6/27/22,Zombies,"[72X, Unknown1]","Ziggs, Ziggs",J,,
20220503_SD03_5804.JPG,6/27/22,Zombies,"[Unknown1, Unknown2]",Ziggs,"72X, J",,
20220503_SD03_5805.JPG,6/27/22,Zombies,"[Unknown1, Unknown2]",Ziggs,"72X, J",,
20220503_SD03_5807.JPG,6/27/22,Zombies,[72X],,,,
20220503_SD03_5811.JPG,6/27/22,Zombies,"[72X, Unknown1]","Ziggs, Ziggs",J,,
20220503_SD03_5812.JPG,6/27/22,Zombies,"[72X, Unknown1]","Ziggs, Ziggs",J,,
20220503_SD03_5813.JPG,6/27/22,Zombies,"[72X, Unknown1]",,J,,
20220503_SD03_5820.JPG,6/27/22,Zombies,[Unknown1],,J,,
20220503_SD03_5822.JPG,6/27/22,Zombies,"[110E, 151J]",,,,
20220503_SD03_5823.JPG,6/27/22,Zombies,"[94B, 87J]",,,,
20220503_SD03_5824.JPG,6/27/22,Zombies,"[94B, 87J]",,,,
20220607_SD04_6219.JPG,6/27/22,Zombies,[87J],,,,
20220607_SD04_6220.JPG,6/27/22,Zombies,[94B],,,,
20220607_SD04_6222.JPG,6/27/22,Zombies,[69X],,,,
20220607_SD04_6223.JPG,6/27/22,Zombies,[143H],,,,Triangle
20220607_SD04_6226.JPG,6/27/22,Zombies,[143H],,,,Triangle
20220607_SD04_6227.JPG,6/27/22,Zombies,[87J],,,,
20220607_SD04_6233.JPG,6/27/22,Zombies,[143H],,,,
20220607_SD04_6234.JPG,6/27/22,Zombies,[67G],,,,
20220607_SD04_6235.JPG,6/27/22,Zombies,[67G],,,,
20220607_SD04_6236.JPG,6/27/22,Zombies,[67G],,,,
20220607_SD04_6237.JPG,6/27/22,Zombies,"[110E, 151J]",,,,
20220607_SD04_6239.JPG,6/27/22,Zombies,[110E],,,,
20220607_SD04_6242.JPG,6/27/22,Zombies,[72X],,,,
20220607_SD04_6245.JPG,6/27/22,Zombies,[72X],,,,
20220607_SD04_6246.JPG,6/27/22,Zombies,"[94B, 98K]",,,,
20220607_SD04_6247.JPG,6/27/22,Zombies,"[94B, 98K]",,,,
20220607_SD04_6248.JPG,6/27/22,Zombies,[72X],,,,
20220607_SD04_6249.JPG,6/27/22,Zombies,[72X],,,,
20220607_SD04_6251.JPG,6/27/22,Zombies,[87J],,,,
20220607_SD04_6252.JPG,6/27/22,Zombies,[87J],,,,
20220607_SD04_6253.JPG,6/27/22,Zombies,[67G],,,,
20220607_SD04_6254.JPG,6/27/22,Zombies,[67G],,,,
20220607_SD04_6256.JPG,6/27/22,Zombies,[87J],,,,
20220607_SD04_6257.JPG,6/27/22,Zombies,[87J],,,,
20220607_SD04_6258.JPG,6/27/22,Zombies,[87J],,,,
20220607_SD04_6259.JPG,6/27/22,Zombies,[87J],,,,
20220607_SD04_6260.JPG,6/27/22,Zombies,[87J],,,,
20220607_SD04_6261.JPG,6/27/22,Zombies,[69X],,,,
20220607_SD04_6263.JPG,6/27/22,Zombies,"[69X, 94B, 98K]",,,,
20220607_SD04_6264.JPG,6/27/22,Zombies,"[69X, 94B, 98K]",,,,
20220607_SD04_6266.JPG,6/27/22,Zombies,"[69X, 94B, 98K]",,,,
20220607_SD04_6265.JPG,6/27/22,Zombies,"[69X, 94B, 98K]",,,,
20220607_SD04_6268.JPG,6/27/22,Zombies,[69X],,,,
20220607_SD04_6269.JPG,6/27/22,Zombies,"[94B, 98K]",,,,
20220607_SD04_6270.JPG,6/27/22,Zombies,"[94B, 98K]",,,,
20220607_SD04_6271.JPG,6/27/22,Zombies,[110E],,,,
20220607_SD04_6272.JPG,6/27/22,Zombies,[110E],,,,
20220607_SD04_6273.JPG,6/27/22,Zombies,[110E],,,,
20220607_SD04_6274.JPG,6/27/22,Zombies,[110E],,,,
20220607_SD04_6275.JPG,6/27/22,Zombies,[110E],,,,
20220607_SD04_6276.JPG,6/27/22,Zombies,[110E],,,,
20220607_SD04_6277.JPG,6/27/22,Zombies,[110E],,,,
20220607_SD04_6278.JPG,6/27/22,Zombies,[110E],,,,
20220607_SD04_6280.JPG,6/27/22,Zombies,[7124],,,,
20220607_SD04_6281.JPG,6/27/22,Zombies,[110E],,,,
20220607_SD04_6282.JPG,6/27/22,Zombies,[110E],,,,
20220607_SD04_6283.JPG,6/27/22,Zombies,[110E],,,,
20220607_SD04_6284.JPG,6/27/22,Zombies,[7124],,,,
20220607_SD04_6285.JPG,6/27/22,Zombies,[7124],,,,
20220607_SD04_6286.JPG,6/27/22,Zombies,[72X],,,,
20220607_SD04_6288.JPG,6/27/22,Zombies,"[94B, 98K]",,,,
20220607_SD04_6292.JPG,6/27/22,Zombies,"[94B, 98K]",,,,
20220607_SD04_6293.JPG,6/27/22,Zombies,"[94B, 98K]",,,,
20220607_SD04_6294.JPG,6/27/22,Zombies,"[94B, 98K]",,,,
20220607_SD04_6296.JPG,6/27/22,Zombies,"[94B, 98K]",,,,
20220607_SD04_6297.JPG,6/27/22,Zombies,"[94B, 98K]",,,,
20220607_SD04_6298.JPG,6/27/22,Zombies,"[94B, 98K]",,,,
20220607_SD04_6299.JPG,6/27/22,Zombies,[143H],,,,
20220607_SD04_6300.JPG,6/27/22,Zombies,[143H],,,,
20220607_SD04_6301.JPG,6/27/22,Zombies,[143H],,,,
20220607_SD04_6302.JPG,6/27/22,Zombies,"[69X, 143H]",,,,
20220607_SD04_6303.JPG,6/27/22,Zombies,"[69X, 143H]",,,,
20220607_SD04_6304.JPG,6/27/22,Zombies,"[69X, 143H]",,,,
20220607_SD04_6305.JPG,6/27/22,Zombies,"[69X, 143H]",,,,
20220607_SD04_6306.JPG,6/27/22,Zombies,"[69X, 143H]",,,,
20220607_SD04_6307.JPG,6/27/22,Zombies,"[69X, 143H]",,,,
20220607_SD04_6308.JPG,6/27/22,Zombies,"[69X, 143H]",,,,
20220607_SD04_6309.JPG,6/27/22,Zombies,"[69X, 143H]",,,,
20220607_SD04_6310.JPG,6/27/22,Zombies,[110E],,,,
20220607_SD04_6311.JPG,6/27/22,Zombies,[110E],,,,
20220607_SD04_6312.JPG,6/27/22,Zombies,[67G],,,,
20220607_SD04_6313.JPG,6/27/22,Zombies,"[7124, 67G]",,,,
20220607_SD04_6314.JPG,6/27/22,Zombies,"[7124, 67G]",,,,
20220607_SD04_6315.JPG,6/27/22,Zombies,"[7124, 67G]",,,,
20220607_SD04_6316.JPG,6/27/22,Zombies,"[7124, 67G]",,,,
20220607_SD04_6317.JPG,6/27/22,Zombies,[67G],,,,
20220607_SD04_6318.JPG,6/27/22,Zombies,[67G],,,,
20220607_SD04_6319.JPG,6/27/22,Zombies,[67G],,,,
20220607_SD04_6320.JPG,6/27/22,Zombies,[67G],,,,
20220607_SD04_6321.JPG,6/27/22,Zombies,[67G],,,,
20220607_SD04_6322.JPG,6/27/22,Zombies,[67G],,,,
20220607_SD04_6325.JPG,6/27/22,Zombies,[67G],,,,
20220607_SD04_6326.JPG,6/27/22,Zombies,[67G],,,,
20220607_SD04_6327.JPG,6/27/22,Zombies,[67G],,,,
20220607_SD04_6328.JPG,6/27/22,Zombies,[67G],,,,
20220607_SD04_6329.JPG,6/27/22,Zombies,[67G],,,,Swing
20220607_SD04_6330.JPG,6/27/22,Zombies,"[7124, 67G]",,,,Swing
20220607_SD04_6335.JPG,6/27/22,Zombies,"[7124, 94B, 98K]",,,,
20220607_SD04_6336.JPG,6/27/22,Zombies,"[7124, 94B, 98K]",,,,
20220607_SD04_6337.JPG,6/27/22,Zombies,"[7124, 94B, 98K]",,,,
20220607_SD04_6339.JPG,6/27/22,Zombies,"[7124, 94B, 98K]",,,,
20220607_SD04_6340.JPG,6/27/22,Zombies,"[7124, 94B, 98K]",,,,
20220607_SD04_6341.JPG,6/27/22,Zombies,"[7124, 94B, 98K]",,,,
20220607_SD04_6343.JPG,6/27/22,Zombies,[69X],,,,
20220607_SD04_6344.JPG,6/27/22,Zombies,[69X],,,,
20220607_SD04_6345.JPG,6/27/22,Zombies,[69X],,,,
20220607_SD04_6346.JPG,6/27/22,Zombies,[69X],,,,
20220607_SD04_6347.JPG,6/27/22,Zombies,"[69X, 67G]",,,,
20220607_SD04_6350.JPG,6/27/22,Zombies,"[69X, 67G]",,,,
20220607_SD04_6351.JPG,6/27/22,Zombies,"[7124, 87J]",,,,Swing
20220607_SD04_6354.JPG,6/27/22,Zombies,"[69X, 67G]",,,,
20220607_SD04_6355.JPG,6/27/22,Zombies,"[69X, 67G]",,,,
20220607_SD04_6357.JPG,6/27/22,Zombies,"[69X, 67G]",,,,
20220607_SD04_6358.JPG,6/27/22,Zombies,"[69X, 67G]",,,,
20220607_SD04_6359.JPG,6/27/22,Zombies,"[69X, 67G]",,,,
20220607_SD04_6360.JPG,6/27/22,Zombies,"[69X, 67G]",,,,
20220607_SD04_6361.JPG,6/27/22,Zombies,"[69X, 67G]",,,,
20220607_SD04_6363.JPG,6/27/22,Zombies,"[69X, 67G]",,,,
20220607_SD04_6364.JPG,6/27/22,Zombies,"[69X, 67G]",,,,
20220607_SD04_6365.JPG,6/27/22,Zombies,"[69X, 67G]",,,,
20220607_SD04_6366.JPG,6/27/22,Zombies,"[69X, 67G]",,,,
20220607_SD04_6367.JPG,6/27/22,Zombies,[72X],,,,
20220607_SD04_6368.JPG,6/27/22,Zombies,[72X],,,,
20220607_SD04_6369.JPG,6/27/22,Zombies,[72X],,,,
20220607_SD04_6370.JPG,6/27/22,Zombies,[72X],,,,
20220607_SD04_6371.JPG,6/27/22,Zombies,[72X],,,,
20220607_SD04_6372.JPG,6/27/22,Zombies,[72X],,,,
20220607_SD04_6375.JPG,6/27/22,Zombies,[72X],,,,
20220607_SD04_6376.JPG,6/27/22,Zombies,[72X],,,,
20220607_SD04_6377.JPG,6/27/22,Zombies,[72X],,,,
20220607_SD04_6378.JPG,6/27/22,Zombies,[72X],,,,
20220607_SD04_6379.JPG,6/27/22,Zombies,[72X],,,,
20220607_SD04_6380.JPG,6/27/22,Zombies,[72X],,,,
20220607_SD04_6381.JPG,6/27/22,Zombies,[72X],,,,
20220607_SD04_6383.JPG,6/27/22,Zombies,[87J],,,,
20220607_SD04_6384.JPG,6/27/22,Zombies,"[87J, Unknown1]",,NN,,
20220607_SD04_6385.JPG,6/27/22,Zombies,[72X],,,,
20220607_SD04_6386.JPG,6/27/22,Zombies,[72X],,,,
20220607_SD04_6387.JPG,6/27/22,Zombies,"[81G, 59K]",,,,
20220607_SD04_6388.JPG,6/27/22,Zombies,"[81G, 59K]",,,,
20220607_SD04_6390.JPG,6/27/22,Zombies,"[81G, 59K]",,,,
20220607_SD04_6392.JPG,6/27/22,Zombies,"[81G, 59K, Unknown1]",,NN,,
20220607_SD04_6394.JPG,6/27/22,Zombies,"[81G, 59K]",,,,
20220607_SD04_6395.JPG,6/27/22,Zombies,"[81G, 59K]",,,,
20220607_SD04_6396.JPG,6/27/22,Zombies,"[81G, 59K]",,,,
20220607_SD04_6397.JPG,6/27/22,Zombies,"[81G, 59K]",,,,
20220607_SD04_6398.JPG,6/27/22,Zombies,"[81G, 59K]",,,,
20220607_SD04_6399.JPG,6/27/22,Zombies,"[81G, 59K]",,,,
20220607_SD04_6400.JPG,6/27/22,Zombies,"[81G, 59K]",,,,
20220607_SD04_6405.JPG,6/27/22,Zombies,"[81G, 59K]",,,,
20220607_SD04_6406.JPG,6/27/22,Zombies,"[81G, 59K]",,,,
20220607_SD04_6407.JPG,6/27/22,Zombies,"[81G, 59K]",,,,
20220607_SD04_6408.JPG,6/27/22,Zombies,"[81G, 59K]",,,,
20220607_SD04_6411.JPG,6/27/22,Zombies,"[81G, 59K]",,,,
20220607_SD04_6412.JPG,6/27/22,Zombies,"[81G, 59K]",,,,
20220607_SD04_6413.JPG,6/27/22,Zombies,[72X],,,,
20220607_SD04_6414.JPG,6/27/22,Zombies,[72X],,,,
20220607_SD04_6415.JPG,6/27/22,Zombies,[72X],,,,
20220607_SD04_6418.JPG,6/27/22,Zombies,[72X],,,,
20220607_SD04_6423.JPG,6/27/22,Zombies,[69X],,,,
20220607_SD04_6420.JPG,6/27/22,Zombies,[69X],,,,
20220607_SD04_6424.JPG,6/27/22,Zombies,[69X],,,,
20220607_SD04_6425.JPG,6/27/22,Zombies,[69X],,,,
20220607_SD04_6426.JPG,6/27/22,Zombies,[69X],,,,
20220607_SD04_6428.JPG,6/27/22,Zombies,[72X],,,,
20220607_SD04_6431.JPG,6/27/22,Zombies,"[81G, 59K]",,,,
20220607_SD04_6438.JPG,6/27/22,Zombies,[110E],,,,Triangle
20220607_SD04_6440.JPG,6/27/22,Zombies,[110E],,,,Triangle
20220607_SD04_6443.JPG,6/27/22,Zombies,[110E],,,,
20220607_SD04_6445.JPG,6/27/22,Zombies,"[110E, 151J]",,,,
20220607_SD04_6448.JPG,6/27/22,Zombies,"[7124, 110E, 151J]",,,,
20220607_SD04_6449.JPG,6/27/22,Zombies,"[7124, 110E, 151J]",,,,
20220607_SD04_6450.JPG,6/27/22,Zombies,"[7124, 110E, 151J]",,,,
20220607_SD04_6451.JPG,6/27/22,Zombies,"[7124, 110E, 151J]",,,,
20220607_SD04_6452.JPG,6/27/22,Zombies,"[7124, 110E, 151J]",,,,
20220607_SD04_6457.JPG,6/27/22,Zombies,"[7124, 110E, 151J]",,,,
20220607_SD04_6459.JPG,6/27/22,Zombies,[87J],,,,
20220607_SD04_6462.JPG,6/27/22,Zombies,[87J],,,,
20220607_SD04_6464.JPG,6/27/22,Zombies,[87J],,,,
20220607_SD04_6466.JPG,6/27/22,Zombies,[87J],,,,
20220607_SD04_6467.JPG,6/27/22,Zombies,[72X],,,,
20220607_SD04_6470.JPG,6/27/22,Zombies,[87J],,,,
20220607_SD04_6471.JPG,6/27/22,Zombies,[87J],,,,
20220607_SD04_6472.JPG,6/27/22,Zombies,[87J],,,,
20220607_SD04_6474.JPG,6/27/22,Zombies,[87J],,,,
20220607_SD04_6476.JPG,6/27/22,Zombies,[87J],,,,
20220607_SD04_6477.JPG,6/27/22,Zombies,[87J],,,,
20220607_SD04_6478.JPG,6/27/22,Zombies,[87J],,,,
20220607_SD04_6479.JPG,6/27/22,Zombies,[87J],,,,
20220607_SD04_6480.JPG,6/27/22,Zombies,[87J],,,,
20220607_SD04_6482.JPG,6/27/22,Zombies,[87J],,,,
20220607_SD04_6491.JPG,6/27/22,Zombies,[87J],,,,
20220607_SD04_6499.JPG,6/27/22,Zombies,[87J],,,,
20220607_SD04_6500.JPG,6/27/22,Zombies,[87J],,,,
20220607_SD04_6504.JPG,6/27/22,Zombies,[72X],,,,
20220607_SD04_6507.JPG,6/27/22,Zombies,"[81G, 143H, 59K]",,,,
20220607_SD04_6508.JPG,6/27/22,Zombies,"[81G, 143H, 59K]",,,,
20220607_SD04_6509.JPG,6/27/22,Zombies,"[81G, 143H, 59K]",,,,
20220607_SD04_6510.JPG,6/27/22,Zombies,[143H],,,,
20220607_SD04_6511.JPG,6/27/22,Zombies,"[81G, 59K]",,,,
20220607_SD04_6512.JPG,6/27/22,Zombies,[67G],,,,
20220607_SD04_6513.JPG,6/27/22,Zombies,[67G],,,,
20220607_SD04_6514.JPG,6/27/22,Zombies,[67G],,,,
20220607_SD04_6515.JPG,6/27/22,Zombies,[67G],,,,
20220607_SD04_6516.JPG,6/27/22,Zombies,[67G],,,,
20220607_SD04_6517.JPG,6/27/22,Zombies,[67G],,,,
20220607_SD04_6518.JPG,6/27/22,Zombies,[67G],,,,
20220607_SD04_6521.JPG,6/27/22,Zombies,"[67G, 81G]",,,,
20220607_SD04_6523.JPG,6/27/22,Zombies,"[72X, 67G]",,,,
20220607_SD04_6526.JPG,6/27/22,Zombies,"[72X, 67G]",,,,
20220607_SD04_6527.JPG,6/27/22,Zombies,"[72X, 67G]",,,,
20220607_SD04_6528.JPG,6/27/22,Zombies,"[72X, 67G]",,,,
20220607_SD04_6529.JPG,6/27/22,Zombies,"[94B, 98K]",,,,
20220607_SD04_6530.JPG,6/27/22,Zombies,"[94B, 98K]",,,,
20220607_SD04_6531.JPG,6/27/22,Zombies,"[94B, 87J, 98K]",,,,
20220607_SD04_6532.JPG,6/27/22,Zombies,"[94B, 87J, 98K]",,,,
20220607_SD04_6533.JPG,6/27/22,Zombies,"[94B, 87J, 98K]",,,,
20220607_SD04_6535.JPG,6/27/22,Zombies,"[94B, 98K]",,,,
20220607_SD04_6536.JPG,6/27/22,Zombies,"[94B, 98K]",,,,
20220607_SD04_6537.JPG,6/27/22,Zombies,"[94B, 98K]",,,,
20220607_SD04_6540.JPG,6/27/22,Zombies,"[94B, 98K]",,,,
20220607_SD04_6542.JPG,6/27/22,Zombies,"[94B, 98K]",,,,
20220607_SD04_6543.JPG,6/27/22,Zombies,"[87J, 98K]",,,,
20220607_SD04_6544.JPG,6/27/22,Zombies,"[94B, 87J, 98K]",,,,
20220607_SD04_6545.JPG,6/27/22,Zombies,"[94B, 87J, 98K]",,,,
20220607_SD04_6546.JPG,6/27/22,Zombies,"[94B, 87J, 98K]",,,,
20220607_SD04_6547.JPG,6/27/22,Zombies,"[94B, 87J]",,,,
20220607_SD04_6549.JPG,6/27/22,Zombies,"[94B, 98K]",,,,
20220607_SD04_6550.JPG,6/27/22,Zombies,"[94B, 98K]",,,,
20220607_SD04_6551.JPG,6/27/22,Zombies,"[94B, 98K]",,,,
20220607_SD04_6552.JPG,6/27/22,Zombies,[87J],,,,
20220607_SD04_6553.JPG,6/27/22,Zombies,"[94B, 87J, 98K]",,,,
20220607_SD04_6554.JPG,6/27/22,Zombies,"[94B, 87J, 98K]",,,,
20220607_SD04_6555.JPG,6/27/22,Zombies,"[94B, 87J, 98K]",,,,
20220607_SD04_6556.JPG,6/27/22,Zombies,"[94B, 87J, 98K]",,,,
20220607_SD04_6557.JPG,6/27/22,Zombies,"[94B, 87J, 98K]",,,,
20220607_SD04_6558.JPG,6/27/22,Zombies,"[94B, 98K]",,,,
20220607_SD04_6559.JPG,6/27/22,Zombies,"[94B, 98K]",,,,
20220607_SD04_6561.JPG,6/27/22,Zombies,[87J],,,,
20220607_SD04_6562.JPG,6/27/22,Zombies,[87J],,,,
20220607_SD04_6563.JPG,6/27/22,Zombies,[87J],,,,
20220607_SD04_6564.JPG,6/27/22,Zombies,[87J],,,,
20220607_SD04_6565.JPG,6/27/22,Zombies,"[94B, 98K]",,,,
20220607_SD04_6566.JPG,6/27/22,Zombies,[87J],,,,
20220607_SD04_6567.JPG,6/27/22,Zombies,"[94B, 87J, 98K]",,,,
20220607_SD04_6569.JPG,6/27/22,Zombies,[87J],Ziggs,,,
20220607_SD04_6570.JPG,6/27/22,Zombies,[87J],Ziggs,,,
20220607_SD04_6572.JPG,6/27/22,Zombies,[87J],,,,
20220607_SD04_6573.JPG,6/27/22,Zombies,[87J],,,,
20220607_SD04_6575.JPG,6/27/22,Zombies,"[94B, 87J]",,,,
20220607_SD04_6576.JPG,6/27/22,Zombies,"[94B, 87J, 98K]",,,,
20220607_SD04_6577.JPG,6/27/22,Zombies,[143H],,,,
20220607_SD04_6580.JPG,6/27/22,Zombies,[7124],,,,
20220607_SD04_6581.JPG,6/27/22,Zombies,"[94B, 98K, Unknown1]",,Adult Female,,
20220607_SD04_6582.JPG,6/27/22,Zombies,"[94B, 98K, Unknown1]",,Adult Female,,
20220607_SD04_6583.JPG,6/27/22,Zombies,"[94B, 98K, Unknown1]",,Adult Female,,
20220607_SD04_6586.JPG,6/27/22,Zombies,"[7124, 69X]",,,,
20220607_SD04_6587.JPG,6/27/22,Zombies,"[7124, 69X]",,,,
20220607_SD04_6588.JPG,6/27/22,Zombies,[69X],,,,
20220607_SD04_6589.JPG,6/27/22,Zombies,[7124],,,,
20220607_SD04_6590.JPG,6/27/22,Zombies,[7124],,,,
20220607_SD04_6593.JPG,6/27/22,Zombies,[151J],,,,
20220607_SD04_6594.JPG,6/27/22,Zombies,[151J],,,,
20220607_SD04_6596.JPG,6/27/22,Zombies,[151J],,,,
20220607_SD04_6597.JPG,6/27/22,Zombies,[151J],,,,
20220607_SD04_6599.JPG,6/27/22,Zombies,"[67G, 151J]",,,,
20220607_SD04_6600.JPG,6/27/22,Zombies,"[67G, 151J]",,,,
20220607_SD04_6601.JPG,6/27/22,Zombies,"[67G, 151J]",,,,
20220607_SD04_6602.JPG,6/27/22,Zombies,"[67G, 151J]",,,,
20220607_SD04_6604.JPG,6/27/22,Zombies,"[67G, 151J]",,,,
20220607_SD04_6605.JPG,6/27/22,Zombies,"[67G, 151J]",,,,
20220607_SD04_6606.JPG,6/27/22,Zombies,[151J],,,,
20220607_SD04_6607.JPG,6/27/22,Zombies,"[67G, 151J]",,,,
20220607_SD04_6608.JPG,6/27/22,Zombies,"[67G, 151J]",,,,
20220607_SD04_6609.JPG,6/27/22,Zombies,"[67G, 151J]",,,,
20220607_SD04_6610.JPG,6/27/22,Zombies,"[67G, 151J]",,,,
20220607_SD04_6613.JPG,6/27/22,Zombies,"[67G, 151J]",,,,
20220607_SD04_6615.JPG,6/27/22,Zombies,"[67G, 151J]",,,,
20220607_SD04_6616.JPG,6/27/22,Zombies,"[67G, 151J]",,,,
20220607_SD04_6617.JPG,6/27/22,Zombies,"[67G, 151J]",,,,
20220607_SD04_6618.JPG,6/27/22,Zombies,"[67G, 151J]",,,,
20220607_SD04_6619.JPG,6/27/22,Zombies,"[67G, 151J]",,,,
20220607_SD04_6620.JPG,6/27/22,Zombies,"[67G, 151J]",,,,
20220607_SD04_6621.JPG,6/27/22,Zombies,"[67G, 151J]",,,,
20220607_SD04_6622.JPG,6/27/22,Zombies,"[67G, 151J]",,,,
20220607_SD04_6623.JPG,6/27/22,Zombies,"[67G, 151J]",,,,
20220607_SD04_6624.JPG,6/27/22,Zombies,"[67G, 151J]",,,,
20220607_SD04_6625.JPG,6/27/22,Zombies,"[67G, 151J]",,,,
20220607_SD04_6626.JPG,6/27/22,Zombies,"[67G, 151J]",,,,
20220607_SD04_6627.JPG,6/27/22,Zombies,"[67G, 151J]",,,,
20220607_SD04_6628.JPG,6/27/22,Zombies,"[67G, 151J]",,,,
20220607_SD04_6629.JPG,6/27/22,Zombies,"[67G, 151J]",,,,
20220607_SD04_6630.JPG,6/27/22,Zombies,"[67G, 151J]",,,,
20220607_SD04_6632.JPG,6/27/22,Zombies,"[67G, 151J]",,,,
20220607_SD04_6633.JPG,6/27/22,Zombies,"[67G, 151J]",,,,
20220607_SD04_6634.JPG,6/27/22,Zombies,"[67G, 151J]",,,,
20220607_SD04_6635.JPG,6/27/22,Zombies,"[67G, 151J]",,,,
20220607_SD04_6636.JPG,6/27/22,Zombies,"[7124, 110E]",,,,
20220607_SD04_6637.JPG,6/27/22,Zombies,"[7124, 110E]",,,,
20220607_SD04_6644.JPG,6/27/22,Zombies,[151J],,,,
20220607_SD04_6646.JPG,6/27/22,Zombies,"[87J, 151J]",,,,
20220607_SD04_6649.JPG,6/27/22,Zombies,"[87J, 151J]",,,,
20220607_SD04_6650.JPG,6/27/22,Zombies,"[87J, 151J]",,,,
20220607_SD04_6651.JPG,6/27/22,Zombies,"[67G, 87J, 151J]",,,,
20220607_SD04_6652.JPG,6/27/22,Zombies,"[67G, 87J, 151J]",,,,
20220607_SD04_6653.JPG,6/27/22,Zombies,[151J],,,,
20220607_SD04_6654.JPG,6/27/22,Zombies,"[81G, 59K]",,,,
20220607_SD04_6655.JPG,6/27/22,Zombies,[151J],,,,
20220607_SD04_6656.JPG,6/27/22,Zombies,[151J],,,,
20220607_SD04_6658.JPG,6/27/22,Zombies,"[7124, 110E]",,,,
20220607_SD04_6659.JPG,6/27/22,Zombies,"[7124, 110E]",,,,
20220607_SD04_6660.JPG,6/27/22,Zombies,[151J],,,,Swing
20220607_SD04_6661.JPG,6/27/22,Zombies,[151J],,,,Swing
20220607_SD04_6665.JPG,6/27/22,Zombies,[151J],,,,
20220607_SD04_6667.JPG,6/27/22,Zombies,[151J],,,,
20220607_SD04_6668.JPG,6/27/22,Zombies,[151J],,,,
20220607_SD04_6671.JPG,6/27/22,Zombies,"[7124, 110E]",,,,
20220607_SD04_6672.JPG,6/27/22,Zombies,"[7124, 110E]",,,,
20220607_SD04_6675.JPG,6/27/22,Zombies,[72X],,,,
20220607_SD04_6678.JPG,6/27/22,Zombies,[67G],,,,
20220607_SD04_6694.JPG,6/27/22,Zombies,[7124],,,,
20220607_SD04_6706.JPG,6/27/22,Zombies,[67G],,,,Triangle
20220607_SD04_6707.JPG,6/27/22,Zombies,[67G],,,,Triangle
20220607_SD04_6708.JPG,6/27/22,Zombies,[110E],,,,
20220607_SD04_6709.JPG,6/27/22,Zombies,[110E],,,,
20220607_SD04_6715.JPG,6/27/22,Zombies,[110E],,,,
20220607_SD04_6737.JPG,6/27/22,Zombies,[67G],,,,
20220607_SD04_6739.JPG,6/27/22,Zombies,[67G],,,,
20220607_SD04_6740.JPG,6/27/22,Zombies,[67G],,,,
20220607_SD04_6746.JPG,6/27/22,Zombies,[72X],,,,
20220607_SD04_6748.JPG,6/27/22,Zombies,[72X],,,,
20220607_SD04_6749.JPG,6/27/22,Zombies,[72X],,,,
20220607_SD04_6752.JPG,6/27/22,Zombies,[72X],,,,
20220607_SD04_6758.JPG,6/27/22,Zombies,[151J],,,,
20220607_SD04_6760.JPG,6/27/22,Zombies,[151J],,,,
20220607_SD04_6772.JPG,6/27/22,Zombies,[110E],,,,
20220607_SD04_6773.JPG,6/27/22,Zombies,[110E],,,,
20220607_SD04_6777.JPG,6/27/22,Zombies,[67G],,,,
20220607_SD04_6781.JPG,6/27/22,Zombies,[67G],,,,
20220607_SD04_6790.JPG,6/27/22,Zombies,"[7124, 110E]",,,,
20220607_SD04_6791.JPG,6/27/22,Zombies,"[7124, 110E]",,,,
20220607_SD04_6792.JPG,6/27/22,Zombies,"[7124, 110E]",,,,
20220607_SD04_6797.JPG,6/27/22,Zombies,[67G],"Dental Kong, Ziggs, Ziggs, Grenade",,,
20220607_SD04_6798.JPG,6/27/22,Zombies,[67G],"Dental Kong, Ziggs, Ziggs, Grenade",,,
20220607_SD04_6801.JPG,6/27/22,Zombies,[7124],,,,
20220607_SD04_6802.JPG,6/27/22,Zombies,[7124],,,,
20220607_SD04_6803.JPG,6/27/22,Zombies,[94B],,,,
20220607_SD04_6805.JPG,6/27/22,Zombies,[110E],,,,
20220607_SD04_6806.JPG,6/27/22,Zombies,[110E],,,,
20220607_SD04_6807.JPG,6/27/22,Zombies,[110E],,,,
20220607_SD04_6808.JPG,6/27/22,Zombies,[110E],,,,
20220607_SD04_6813.JPG,6/27/22,Zombies,[110E],,,,
20220607_SD04_6814.JPG,6/27/22,Zombies,[110E],,,,
20220607_SD04_6815.JPG,6/27/22,Zombies,[110E],,,,
20220607_SD04_6817.JPG,6/27/22,Zombies,[110E],,,,
20220607_SD04_6818.JPG,6/27/22,Zombies,"[7124, 110E]",,,,
20220607_SD04_6819.JPG,6/27/22,Zombies,"[7124, 110E]",,,,
20220607_SD04_6820.JPG,6/27/22,Zombies,[110E],,,,
20220607_SD04_6821.JPG,6/27/22,Zombies,"[7124, 110E]",,,,
20220607_SD04_6822.JPG,6/27/22,Zombies,"[7124, 110E]",,,,
20220607_SD04_6826.JPG,6/27/22,Zombies,[72X],,,,
20220607_SD04_6827.JPG,6/27/22,Zombies,[72X],,,,
20220607_SD04_6829.JPG,6/27/22,Zombies,[72X],,,,
20220607_SD04_6833.JPG,6/27/22,Zombies,[67G],,,,
20220607_SD04_6834.JPG,6/27/22,Zombies,[67G],,,,
20220607_SD04_6835.JPG,6/27/22,Zombies,[67G],,,,
20220607_SD04_6836.JPG,6/27/22,Zombies,[67G],,,,
20220607_SD04_6837.JPG,6/27/22,Zombies,[67G],,,,
20220607_SD04_6846.JPG,6/27/22,Zombies,[72X],,,,
20220607_SD04_6861.JPG,6/27/22,Zombies,"[67G, 81G, 59K]",,,,
20220607_SD04_6862.JPG,6/27/22,Zombies,"[67G, 81G, 59K]",,,,
20220607_SD04_6878.JPG,6/27/22,Zombies,[110E],,,,
20220607_SD04_6881.JPG,6/27/22,Zombies,[110E],,,,
20220607_SD04_6883.JPG,6/27/22,Zombies,[110E],,,,
20220607_SD04_6884.JPG,6/27/22,Zombies,[110E],,,,
20220607_SD04_6885.JPG,6/27/22,Zombies,[110E],,,,
20220607_SD04_6887.JPG,6/27/22,Zombies,[110E],,,,
20220607_SD04_6898.JPG,6/27/22,Zombies,"[69X, Unknown1]",,143H,,
20220607_SD04_6900.JPG,6/27/22,Zombies,[143H],,,,
20220607_SD04_6901.JPG,6/27/22,Zombies,[143H],,,,
20220607_SD04_6913.JPG,6/27/22,Zombies,"[69X, 87J]",,,,
20220607_SD04_6915.JPG,6/27/22,Zombies,"[69X, 87J]",,,,
20220607_SD04_6916.JPG,6/27/22,Zombies,"[69X, 87J]",,,,
20220607_SD04_6929.JPG,6/27/22,Zombies,"[110E, 67G]",,,,
20220607_SD04_6927.JPG,6/27/22,Zombies,"[110E, 67G, 143H]",,,,
20220607_SD04_6928.JPG,6/27/22,Zombies,"[110E, 67G, 143H]",,,,
20220607_SD04_6926.JPG,6/27/22,Zombies,"[110E, 67G, 143H]",,,,
20220607_SD04_6924.JPG,6/27/22,Zombies,"[110E, 67G, 143H]",,,,
20220607_SD04_6923.JPG,6/27/22,Zombies,"[110E, 67G, 143H]",,,,
20220607_SD04_6922.JPG,6/27/22,Zombies,"[110E, 67G, 143H]",,,,
20220607_SD04_6933.JPG,6/27/22,Zombies,"[67G, 110E]",,,,
20220607_SD04_6935.JPG,6/27/22,Zombies,"[69X, 87J]",,,,
20220607_SD04_6937.JPG,6/27/22,Zombies,"[69X, 87J]",,,,
20220607_SD04_6942.JPG,6/27/22,Zombies,"[110E, 151J]",,,,
20220607_SD04_6944.JPG,6/27/22,Zombies,"[110E, 151J]",,,,
20220607_SD04_6947.JPG,6/27/22,Zombies,[7124],,,,
20220607_SD04_6948.JPG,6/27/22,Zombies,[7124],,,,
20220607_SD04_6955.JPG,6/27/22,Zombies,"[110E, 151J]",,,,
20220607_SD04_6956.JPG,6/27/22,Zombies,"[110E, 151J]",,,,
20220607_SD04_6957.JPG,6/27/22,Zombies,"[110E, 151J]",,,,
20220607_SD04_6958.JPG,6/27/22,Zombies,"[110E, 151J]",,,,
20220607_SD04_6959.JPG,6/27/22,Zombies,[7124],,,,
20220607_SD04_6975.JPG,6/27/22,Zombies,"[110E, 151J]",,,,
20220607_SD04_6973.JPG,6/27/22,Zombies,"[110E, 151J]",,,,
20220607_SD04_6972.JPG,6/27/22,Zombies,"[110E, 151J]",,,,
20220705_SD05_0393.JPG,7/5/22,Zombies,[143H],,,,
20220705_SD05_0394.JPG,7/5/22,Zombies,[143H],,,,
20220705_SD05_0395.JPG,7/5/22,Zombies,[143H],,,,
20220705_SD05_0396.JPG,7/5/22,Zombies,[143H],,,,
20220705_SD05_0397.JPG,7/5/22,Zombies,[143H],,,,
20220705_SD05_0401.JPG,7/5/22,Zombies,"[7124, 143H, Unknown1]",,Adult Female,,
20220705_SD05_0402.JPG,7/5/22,Zombies,[7124],,,,
20220705_SD05_0404.JPG,7/5/22,Zombies,[69X],,,,
20220705_SD05_0407.JPG,7/5/22,Zombies,"[143H, Unknown1]",,NN,,
20220705_SD05_0409.JPG,7/5/22,Zombies,[110E],,,,
20220705_SD05_0410.JPG,7/5/22,Zombies,[110E],,,,
20220705_SD05_0411.JPG,7/5/22,Zombies,[110E],,,,
20220705_SD05_0412.JPG,7/5/22,Zombies,"[143H, Unknown1]",,Adult Female,,
20220705_SD05_0415.JPG,7/5/22,Zombies,"[143H, Unknown1]",,Adult Female,,
20220705_SD05_0416.JPG,7/5/22,Zombies,[7124],,,,
20220705_SD05_0419.JPG,7/5/22,Zombies,[143H],,,,
20220705_SD05_0421.JPG,7/5/22,Zombies,[110E],,,,
20220705_SD05_0422.JPG,7/5/22,Zombies,"[7124, 69X]",,,,
20220705_SD05_0423.JPG,7/5/22,Zombies,"[7124, 69X]",,,,
20220705_SD05_0426.JPG,7/5/22,Zombies,"[94B, 98K]",,,,
20220705_SD05_0428.JPG,7/5/22,Zombies,"[94B, 98K]",,,,
20220705_SD05_0433.JPG,7/5/22,Zombies,"[94B, 98K]",,,,
20220705_SD05_0434.JPG,7/5/22,Zombies,"[94B, 98K]",,,,
20220705_SD05_0435.JPG,7/5/22,Zombies,[69X],,,,
20220705_SD05_0437.JPG,7/5/22,Zombies,[69X],,,,
20220705_SD05_0440.JPG,7/5/22,Zombies,"[94B, 98K]",,,,
20220705_SD05_0441.JPG,7/5/22,Zombies,"[94B, 98K]",,,,
20220705_SD05_0442.JPG,7/5/22,Zombies,"[81G, 59K]",,,,
20220705_SD05_0443.JPG,7/5/22,Zombies,"[81G, 59K]",,,,
20220705_SD05_0444.JPG,7/5/22,Zombies,[110E],,,,
20220705_SD05_0446.JPG,7/5/22,Zombies,[110E],,,,
20220705_SD05_0447.JPG,7/5/22,Zombies,[110E],,,,
20220705_SD05_0448.JPG,7/5/22,Zombies,[110E],,,,
20220705_SD05_0449.JPG,7/5/22,Zombies,[110E],,,,
20220705_SD05_0450.JPG,7/5/22,Zombies,[110E],,,,
20220705_SD05_0452.JPG,7/5/22,Zombies,[110E],,,,
20220705_SD05_0453.JPG,7/5/22,Zombies,"[81G, 59K]",,,,
20220705_SD05_0454.JPG,7/5/22,Zombies,"[81G, 59K]",,,,
20220705_SD05_0456.JPG,7/5/22,Zombies,"[81G, 59K]",,,,
20220705_SD05_0457.JPG,7/5/22,Zombies,"[81G, 59K]",,,,
20220705_SD05_0459.JPG,7/5/22,Zombies,"[81G, 59K]",,,,
20220705_SD05_0461.JPG,7/5/22,Zombies,"[81G, 59K]",,,,
20220705_SD05_0462.JPG,7/5/22,Zombies,"[81G, 59K]",,,,
20220705_SD05_0463.JPG,7/5/22,Zombies,"[81G, 59K]",,,,
20220705_SD05_0464.JPG,7/5/22,Zombies,"[81G, 59K]",,,,
20220705_SD05_0465.JPG,7/5/22,Zombies,"[81G, 59K]",,,,
20220705_SD05_0466.JPG,7/5/22,Zombies,"[81G, 59K]",,,,
20220705_SD05_0467.JPG,7/5/22,Zombies,"[81G, 59K]",,,,
20220705_SD05_0468.JPG,7/5/22,Zombies,"[81G, 59K]",,,,
20220705_SD05_0469.JPG,7/5/22,Zombies,"[81G, 59K]",,,,
20220705_SD05_0470.JPG,7/5/22,Zombies,"[81G, 59K]",,,,
20220705_SD05_0472.JPG,7/5/22,Zombies,"[81G, 59K]",,,,
20220705_SD05_0473.JPG,7/5/22,Zombies,"[81G, 59K]",,,,
20220705_SD05_0474.JPG,7/5/22,Zombies,"[81G, 59K]",,,,
20220705_SD05_0475.JPG,7/5/22,Zombies,"[81G, 59K]",,,,
20220705_SD05_0476.JPG,7/5/22,Zombies,"[81G, 59K]",,,,
20220705_SD05_0477.JPG,7/5/22,Zombies,"[81G, 59K]",,,,
20220705_SD05_0478.JPG,7/5/22,Zombies,[110E],,,,
20220705_SD05_0479.JPG,7/5/22,Zombies,[110E],,,,
20220705_SD05_0480.JPG,7/5/22,Zombies,"[110E, 59K]",,,,
20220705_SD05_0481.JPG,7/5/22,Zombies,"[110E, 59K]",,,,
20220705_SD05_0482.JPG,7/5/22,Zombies,"[110E, 59K]",,,,
20220705_SD05_0483.JPG,7/5/22,Zombies,"[110E, 81G, 59K]",,,,
20220705_SD05_0485.JPG,7/5/22,Zombies,"[110E, 81G]",,,,
20220705_SD05_0486.JPG,7/5/22,Zombies,[110E],,,,
20220705_SD05_0488.JPG,7/5/22,Zombies,[110E],,,,
20220705_SD05_0489.JPG,7/5/22,Zombies,"[67G, 81G, 59K]",,,,
20220705_SD05_0490.JPG,7/5/22,Zombies,"[67G, 81G, 59K]",,,,
20220705_SD05_0491.JPG,7/5/22,Zombies,"[67G, 81G, 59K]",,,,
20220705_SD05_0492.JPG,7/5/22,Zombies,"[67G, 81G]",,,,
20220705_SD05_0496.JPG,7/5/22,Zombies,"[67G, 81G, 59K]",,,,
20220705_SD05_0497.JPG,7/5/22,Zombies,"[67G, 81G, 59K]",,,,
20220705_SD05_0498.JPG,7/5/22,Zombies,"[67G, 81G, 59K]",,,,
20220705_SD05_0499.JPG,7/5/22,Zombies,"[67G, 81G, 59K]",,,,
20220705_SD05_0500.JPG,7/5/22,Zombies,"[67G, 81G, 59K]",,,,
20220705_SD05_0501.JPG,7/5/22,Zombies,"[67G, 81G, 59K]",,,,
20220705_SD05_0502.JPG,7/5/22,Zombies,"[67G, 81G, 59K]",,,,
20220705_SD05_0503.JPG,7/5/22,Zombies,"[67G, 81G, 59K]",,,,
20220705_SD05_0504.JPG,7/5/22,Zombies,"[67G, 81G, 59K]",,,,
20220705_SD05_0505.JPG,7/5/22,Zombies,"[67G, 81G, 59K]",,,,
20220705_SD05_0506.JPG,7/5/22,Zombies,"[67G, 81G, 59K]",,,,
20220705_SD05_0507.JPG,7/5/22,Zombies,"[67G, 81G, 59K]",,,,
20220705_SD05_0508.JPG,7/5/22,Zombies,"[67G, 81G, 59K]",,,,
20220705_SD05_0509.JPG,7/5/22,Zombies,"[67G, 81G, 59K]",,,,
20220705_SD05_0511.JPG,7/5/22,Zombies,"[67G, 81G, 59K]",,,,
20220705_SD05_0512.JPG,7/5/22,Zombies,"[67G, 81G, 59K]",,,,
20220705_SD05_0513.JPG,7/5/22,Zombies,"[67G, 81G, 59K]",,,,
20220705_SD05_0514.JPG,7/5/22,Zombies,"[67G, 81G, 59K]",,,,
20220705_SD05_0515.JPG,7/5/22,Zombies,"[67G, 81G, 59K]",,,,
20220705_SD05_0516.JPG,7/5/22,Zombies,"[67G, 81G, 59K]",,,,
20220705_SD05_0518.JPG,7/5/22,Zombies,"[67G, 81G, 59K]",,,,
20220705_SD05_0522.JPG,7/5/22,Zombies,"[67G, 81G, 59K]",,,,
20220705_SD05_0523.JPG,7/5/22,Zombies,"[67G, 81G, 59K]",,,,
20220705_SD05_0524.JPG,7/5/22,Zombies,"[67G, 81G, 59K]",,,,
20220705_SD05_0525.JPG,7/5/22,Zombies,"[81G, 59K]",,,,
20220705_SD05_0527.JPG,7/5/22,Zombies,[67G],,,,
20220705_SD05_0528.JPG,7/5/22,Zombies,[67G],,,,
20220705_SD05_0530.JPG,7/5/22,Zombies,"[67G, 81G, 59K]",,,,
20220705_SD05_0531.JPG,7/5/22,Zombies,"[67G, 81G, 59K]",,,,
20220705_SD05_0532.JPG,7/5/22,Zombies,"[67G, 81G, 59K]",,,,
20220705_SD05_0533.JPG,7/5/22,Zombies,[67G],,,,
20220705_SD05_0534.JPG,7/5/22,Zombies,[67G],,,,
20220705_SD05_0536.JPG,7/5/22,Zombies,"[67G, 81G, 59K]",,,,
20220705_SD05_0537.JPG,7/5/22,Zombies,"[67G, 81G, 59K]",,,,
20220705_SD05_0538.JPG,7/5/22,Zombies,"[67G, 81G, 59K]",,,,
20220705_SD05_0540.JPG,7/5/22,Zombies,"[67G, 81G, 59K]",,,,
20220705_SD05_0541.JPG,7/5/22,Zombies,"[67G, 81G, 59K]",,,,
20220705_SD05_0542.JPG,7/5/22,Zombies,"[67G, 81G, 59K]",,,,
20220705_SD05_0546.JPG,7/5/22,Zombies,"[67G, 59K]",,,,
20220705_SD05_0547.JPG,7/5/22,Zombies,"[67G, 81G]",,,,
20220705_SD05_0548.JPG,7/5/22,Zombies,"[67G, 81G]",,,,
20220705_SD05_0549.JPG,7/5/22,Zombies,"[67G, 81G]",,,,
20220705_SD05_0550.JPG,7/5/22,Zombies,[67G],,,,
20220705_SD05_0551.JPG,7/5/22,Zombies,[67G],,,,
20220705_SD05_0553.JPG,7/5/22,Zombies,"[67G, 81G, 59K]",,,,
20220705_SD05_0555.JPG,7/5/22,Zombies,"[67G, 81G, 59K]",,,,
20220705_SD05_0556.JPG,7/5/22,Zombies,"[67G, 81G, 59K]",,,,
20220705_SD05_0557.JPG,7/5/22,Zombies,"[67G, 81G, 59K]",,,,
20220705_SD05_0558.JPG,7/5/22,Zombies,"[67G, 81G, 59K]",,,,
20220705_SD05_0559.JPG,7/5/22,Zombies,"[67G, 81G, 59K]",,,,
20220705_SD05_0563.JPG,7/5/22,Zombies,"[94B, 98K]",,,,
20220705_SD05_0565.JPG,7/5/22,Zombies,"[69X, 143H]",,,,
20220705_SD05_0568.JPG,7/5/22,Zombies,[69X],,,,
20220705_SD05_0570.JPG,7/5/22,Zombies,[69X],,,,
20220705_SD05_0571.JPG,7/5/22,Zombies,"[69X, 143H]",,,,
20220705_SD05_0572.JPG,7/5/22,Zombies,"[69X, 143H]",,,,
20220705_SD05_0575.JPG,7/5/22,Zombies,"[69X, 143H]",,,,
20220705_SD05_0584.JPG,7/5/22,Zombies,[143H],,,,
20220705_SD05_0587.JPG,7/5/22,Zombies,"[67G, Unknown1]",,Adult Female,,
20220705_SD05_0588.JPG,7/5/22,Zombies,"[67G, Unknown1]",,Adult Female,,
20220705_SD05_0589.JPG,7/5/22,Zombies,"[67G, Unknown1]",,Adult Female,,
20220705_SD05_0598.JPG,7/5/22,Zombies,[67G],,,,
20220705_SD05_0599.JPG,7/5/22,Zombies,[67G],,,,
20220705_SD05_0605.JPG,7/5/22,Zombies,[67G],,,,
20220705_SD05_0606.JPG,7/5/22,Zombies,[67G],,,,
20220705_SD05_0608.JPG,7/5/22,Zombies,[67G],,,,
20220705_SD05_0609.JPG,7/5/22,Zombies,[67G],,,,
20220705_SD05_0612.JPG,7/5/22,Zombies,[143H],,,,
20220705_SD05_0613.JPG,7/5/22,Zombies,[143H],,,,
20220705_SD05_0627.JPG,7/5/22,Zombies,[69X],,,,
20220705_SD05_0630.JPG,7/5/22,Zombies,[143H],,,,
20220705_SD05_0631.JPG,7/5/22,Zombies,[143H],,,,
20220705_SD05_0632.JPG,7/5/22,Zombies,[69X],,,,
20220705_SD05_0656.JPG,7/5/22,Zombies,[67G],,,,Triangle
20220705_SD05_0664.JPG,7/5/22,Zombies,[67G],,,,Triangle
20220705_SD05_0667.JPG,7/5/22,Zombies,[67G],,,,Triangle
20220705_SD05_0668.JPG,7/5/22,Zombies,[67G],,,,Triangle
20220705_SD05_0671.JPG,7/5/22,Zombies,[67G],,,,Triangle
20220705_SD05_0682.JPG,7/5/22,Zombies,"[110E, 67G]",,,,Triangle
20220705_SD05_0683.JPG,7/5/22,Zombies,"[110E, 67G]",,,,Triangle
20220705_SD05_0688.JPG,7/5/22,Zombies,[67G],,,,Triangle
20220705_SD05_0693.JPG,7/5/22,Zombies,[110E],,,,
20220705_SD05_0699.JPG,7/5/22,Zombies,[67G],,,,Triangle
20220705_SD05_0702.JPG,7/5/22,Zombies,"[110E, 67G]",,,,Triangle
20220705_SD05_0704.JPG,7/5/22,Zombies,"[110E, 67G]",,,,Triangle
20220705_SD05_0706.JPG,7/5/22,Zombies,[69X],Kong,,,
20220705_SD05_0707.JPG,7/5/22,Zombies,[69X],Kong,,,
20220705_SD05_0708.JPG,7/5/22,Zombies,[69X],Kong,,,
20220705_SD05_0710.JPG,7/5/22,Zombies,[69X],,,,
20220705_SD05_0716.JPG,7/5/22,Zombies,[69X],,,,
20220705_SD05_0720.JPG,7/5/22,Zombies,[110E],,,,Triangle
20220705_SD05_0725.JPG,7/5/22,Zombies,[67G],,,,
20220705_SD05_0726.JPG,7/5/22,Zombies,[67G],,,,
20220705_SD05_0732.JPG,7/5/22,Zombies,"[7124, Unknown1]",,K,,
20220705_SD05_0741.JPG,7/5/22,Zombies,[7124],,,,
20220705_SD05_0744.JPG,7/5/22,Zombies,"[94B, 98K]",,,,
20220705_SD05_0750.JPG,7/5/22,Zombies,[7124],,,,
20220705_SD05_0751.JPG,7/5/22,Zombies,[7124],,,,
20220705_SD05_0753.JPG,7/5/22,Zombies,[7124],,,,
20220705_SD05_0754.JPG,7/5/22,Zombies,[7124],,,,
20220705_SD05_0758.JPG,7/5/22,Zombies,[7124],,,,
20220705_SD05_0759.JPG,7/5/22,Zombies,[7124],,,,
20220705_SD05_0760.JPG,7/5/22,Zombies,"[81G, 59K]",,,,
20220705_SD05_0761.JPG,7/5/22,Zombies,"[81G, 59K]",,,,
20220705_SD05_0762.JPG,7/5/22,Zombies,"[81G, 59K]",,,,
20220705_SD05_0763.JPG,7/5/22,Zombies,"[81G, 59K]",,,,
20220705_SD05_0764.JPG,7/5/22,Zombies,"[81G, 59K]",,,,
20220705_SD05_0765.JPG,7/5/22,Zombies,"[81G, 59K]",,,,
20220705_SD05_0766.JPG,7/5/22,Zombies,[110E],,,,
20220705_SD05_0769.JPG,7/5/22,Zombies,"[94B, 98K]",,,,
20220705_SD05_0770.JPG,7/5/22,Zombies,"[94B, 98K]",,,,
20220705_SD05_0771.JPG,7/5/22,Zombies,[72X],,,,
20220705_SD05_0772.JPG,7/5/22,Zombies,"[72X, 94B, 98K, 129K]",,,,
20220705_SD05_0774.JPG,7/5/22,Zombies,[110E],Ziggs,,,
20220705_SD05_0776.JPG,7/5/22,Zombies,"[81G, 59K]",,,,
20220705_SD05_0777.JPG,7/5/22,Zombies,"[94B, 98K, 129K]",,,,
20220705_SD05_0778.JPG,7/5/22,Zombies,"[94B, 98K]",,,,
20220705_SD05_0783.JPG,7/5/22,Zombies,[110E],Ziggs,,,
20220705_SD05_0784.JPG,7/5/22,Zombies,[110E],Ziggs,,,
20220705_SD05_0785.JPG,7/5/22,Zombies,[110E],Ziggs,,,
20220705_SD05_0786.JPG,7/5/22,Zombies,"[94B, 98K]",,,,
20220705_SD05_0787.JPG,7/5/22,Zombies,"[94B, 98K]",,,,
20220705_SD05_0789.JPG,7/5/22,Zombies,"[72X, 81G, 129K]",,,,
20220705_SD05_0790.JPG,7/5/22,Zombies,"[7124, 72X, 81G, 129K]",,,,
20220705_SD05_0791.JPG,7/5/22,Zombies,"[72X, 81G, 129K]",,,,
20220705_SD05_0792.JPG,7/5/22,Zombies,"[72X, 81G, 129K]",,,,
20220705_SD05_0794.JPG,7/5/22,Zombies,"[72X, 81G, 129K]",,,,
20220705_SD05_0796.JPG,7/5/22,Zombies,"[72X, 81G, 129K]",,,,
20220705_SD05_0799.JPG,7/5/22,Zombies,"[7124, 110E, 72X]",Ziggs,,,
20220705_SD05_0800.JPG,7/5/22,Zombies,"[7124, 110E, 72X]",Ziggs,,,
20220705_SD05_0802.JPG,7/5/22,Zombies,"[72X, 129K, Unknown1]",,DNK,,
20220705_SD05_0803.JPG,7/5/22,Zombies,"[72X, 129K, Unknown1]",,DNK,,
20220705_SD05_0804.JPG,7/5/22,Zombies,"[72X, 81G, 129K]",,,,
20220705_SD05_0805.JPG,7/5/22,Zombies,"[72X, 81G, 59K, 129K]",,,,
20220705_SD05_0806.JPG,7/5/22,Zombies,"[72X, 81G, 59K, 129K]",,,,
20220705_SD05_0807.JPG,7/5/22,Zombies,"[72X, 81G, 59K, 129K]",,,,
20220705_SD05_0808.JPG,7/5/22,Zombies,"[72X, 81G, 59K, 129K]",,,,
20220705_SD05_0809.JPG,7/5/22,Zombies,"[72X, 81G, 129K]",,,,
20220705_SD05_0810.JPG,7/5/22,Zombies,"[72X, 81G, 129K]",,,,
20220705_SD05_0811.JPG,7/5/22,Zombies,"[72X, 81G, 129K]",,,,
20220705_SD05_0812.JPG,7/5/22,Zombies,"[94B, 98K]",,,,
20220705_SD05_0813.JPG,7/5/22,Zombies,"[94B, 98K]",,,,
20220705_SD05_0814.JPG,7/5/22,Zombies,"[94B, 98K]",,,,
20220705_SD05_0815.JPG,7/5/22,Zombies,"[72X, 81G, 129K]",,,,
20220705_SD05_0816.JPG,7/5/22,Zombies,"[72X, 81G, 129K]",,,,
20220705_SD05_0818.JPG,7/5/22,Zombies,"[143H, Unknown1]",,NN,,
20220705_SD05_0819.JPG,7/5/22,Zombies,"[143H, Unknown1]",,NN,,
20220705_SD05_0821.JPG,7/5/22,Zombies,"[7124, 110E]",,,,
20220705_SD05_0822.JPG,7/5/22,Zombies,"[7124, 110E]",,,,
20220705_SD05_0824.JPG,7/5/22,Zombies,"[7124, 110E]",,,,
20220705_SD05_0826.JPG,7/5/22,Zombies,[143H],,,,
20220705_SD05_0829.JPG,7/5/22,Zombies,"[69X, 67G, 143H, Unknown1]",,81G,,
20220705_SD05_0830.JPG,7/5/22,Zombies,"[69X, 67G, 143H, Unknown1]",,81G,,
20220705_SD05_0831.JPG,7/5/22,Zombies,"[69X, 67G, 143H, Unknown1]",,81G,,
20220705_SD05_0832.JPG,7/5/22,Zombies,"[69X, 67G, 143H, Unknown1]",,81G,,
20220705_SD05_0833.JPG,7/5/22,Zombies,"[69X, 67G, 143H, Unknown1]",,81G,,
20220705_SD05_0834.JPG,7/5/22,Zombies,"[69X, 67G, 143H, Unknown1]",,81G,,
20220705_SD05_0835.JPG,7/5/22,Zombies,"[69X, 67G, 143H, Unknown1]",,81G,,
20220705_SD05_0836.JPG,7/5/22,Zombies,"[69X, 67G, 143H, Unknown1]",,81G,,
20220705_SD05_0837.JPG,7/5/22,Zombies,"[69X, 143H]",,,,
20220705_SD05_0838.JPG,7/5/22,Zombies,"[69X, 143H]",,,,
20220705_SD05_0839.JPG,7/5/22,Zombies,"[81G, 59K]",,,,
20220705_SD05_0840.JPG,7/5/22,Zombies,"[81G, 59K]",,,,
20220705_SD05_0841.JPG,7/5/22,Zombies,"[81G, 59K]",,,,
20220705_SD05_0842.JPG,7/5/22,Zombies,"[81G, 59K]",,,,
20220705_SD05_0845.JPG,7/5/22,Zombies,"[7124, 110E]",,,,
20220705_SD05_0846.JPG,7/5/22,Zombies,"[81G, 59K]",,,,
20220705_SD05_0848.JPG,7/5/22,Zombies,"[81G, 59K]",,,,
20220705_SD05_0849.JPG,7/5/22,Zombies,"[81G, 59K]",,,,
20220705_SD05_0850.JPG,7/5/22,Zombies,"[7124, 110E]",,,,
20220705_SD05_0851.JPG,7/5/22,Zombies,"[7124, 110E]",,,,
20220705_SD05_0852.JPG,7/5/22,Zombies,"[69X, 67G, 143H]",,,,
20220705_SD05_0853.JPG,7/5/22,Zombies,"[69X, 67G, 143H]",,,,
20220705_SD05_0854.JPG,7/5/22,Zombies,"[7124, 110E]",,,,
20220705_SD05_0855.JPG,7/5/22,Zombies,"[7124, 110E]",,,,
20220705_SD05_0856.JPG,7/5/22,Zombies,"[7124, 110E]",,,,
20220705_SD05_0857.JPG,7/5/22,Zombies,"[7124, 110E]",,,,
20220705_SD05_0858.JPG,7/5/22,Zombies,"[7124, 110E]",,,,
20220705_SD05_0859.JPG,7/5/22,Zombies,"[69X, 143H]",,,,
20220705_SD05_0860.JPG,7/5/22,Zombies,"[69X, 143H]",,,,
20220705_SD05_0861.JPG,7/5/22,Zombies,"[69X, 67G]",,,,
20220705_SD05_0862.JPG,7/5/22,Zombies,"[69X, 67G]",,,,
20220705_SD05_0863.JPG,7/5/22,Zombies,"[69X, 67G]",,,,
20220705_SD05_0864.JPG,7/5/22,Zombies,"[69X, 143H, 67G]",,,,
20220705_SD05_0865.JPG,7/5/22,Zombies,"[69X, 143H, 67G]",,,,
20220705_SD05_0866.JPG,7/5/22,Zombies,"[69X, 67G]",,,,
20220705_SD05_0867.JPG,7/5/22,Zombies,"[69X, 67G]",,,,
20220705_SD05_0868.JPG,7/5/22,Zombies,"[69X, 67G]",,,,
20220705_SD05_0869.JPG,7/5/22,Zombies,"[69X, 67G]",,,,
20220705_SD05_0870.JPG,7/5/22,Zombies,"[69X, 67G]",,,,
20220705_SD05_0871.JPG,7/5/22,Zombies,[143H],,,,
20220705_SD05_0872.JPG,7/5/22,Zombies,[143H],,,,
20220705_SD05_0873.JPG,7/5/22,Zombies,"[69X, 67G]",,,,
20220705_SD05_0874.JPG,7/5/22,Zombies,"[69X, 67G]",,,,
20220705_SD05_0875.JPG,7/5/22,Zombies,"[69X, 67G]",,,,
20220705_SD05_0876.JPG,7/5/22,Zombies,"[7124, 110E]",,,,
20220705_SD05_0877.JPG,7/5/22,Zombies,"[7124, 110E]",,,,
20220705_SD05_0878.JPG,7/5/22,Zombies,"[7124, 110E]",,,,
20220705_SD05_0879.JPG,7/5/22,Zombies,"[69X, 67G]",,,,
20220705_SD05_0880.JPG,7/5/22,Zombies,[143H],,,,
20220705_SD05_0882.JPG,7/5/22,Zombies,"[69X, 67G]",,,,
20220705_SD05_0883.JPG,7/5/22,Zombies,"[69X, 67G]",,,,
20220705_SD05_0884.JPG,7/5/22,Zombies,"[69X, 67G]",,,,
20220705_SD05_0885.JPG,7/5/22,Zombies,"[69X, 67G]",,,,
20220705_SD05_0886.JPG,7/5/22,Zombies,"[69X, 67G]",,,,
20220705_SD05_0887.JPG,7/5/22,Zombies,"[69X, 67G]",,,,
20220705_SD05_0888.JPG,7/5/22,Zombies,"[69X, 67G]",,,,
20220705_SD05_0889.JPG,7/5/22,Zombies,[143H],,,,
20220705_SD05_0890.JPG,7/5/22,Zombies,[143H],,,,
20220705_SD05_0892.JPG,7/5/22,Zombies,[143H],,,,
20220705_SD05_0893.JPG,7/5/22,Zombies,[143H],,,,
20220705_SD05_0894.JPG,7/5/22,Zombies,[143H],,,,
20220705_SD05_0898.JPG,7/5/22,Zombies,"[7124, 110E]",,,,
20220705_SD05_0899.JPG,7/5/22,Zombies,"[7124, 110E]",,,,
20220705_SD05_0900.JPG,7/5/22,Zombies,"[7124, 110E]",,,,
20220705_SD05_0903.JPG,7/5/22,Zombies,"[94B, 98K]",,,,
20220705_SD05_0904.JPG,7/5/22,Zombies,"[94B, 98K]",,,,
20220705_SD05_0906.JPG,7/5/22,Zombies,[69X],,,,
20220705_SD05_0909.JPG,7/5/22,Zombies,[69X],,,,
20220705_SD05_0919.JPG,7/5/22,Zombies,"[72X, 129K]",,,,
20220705_SD05_0920.JPG,7/5/22,Zombies,"[72X, 129K]",,,,
20220705_SD05_0925.JPG,7/5/22,Zombies,"[72X, 129K]",,,,
20220705_SD05_0929.JPG,7/5/22,Zombies,"[72X, 143H, 129K]",,,,
20220705_SD05_0932.JPG,7/5/22,Zombies,[143H],,,,
20220705_SD05_0933.JPG,7/5/22,Zombies,"[72X, 129K]",,,,
20220705_SD05_0934.JPG,7/5/22,Zombies,"[72X, 129K]",,,,
20220705_SD05_0938.JPG,7/5/22,Zombies,[81G],,,,
20220705_SD05_0943.JPG,7/5/22,Zombies,[110E],Kong,,,
20220705_SD05_0953.JPG,7/5/22,Zombies,"[69X, 143H]",,,,
20220705_SD05_0954.JPG,7/5/22,Zombies,"[69X, 143H]",,,,
20220705_SD05_0960.JPG,7/5/22,Zombies,"[69X, 143H]",,,,
20220705_SD05_0961.JPG,7/5/22,Zombies,"[69X, 143H]",,,,
20220705_SD05_0962.JPG,7/5/22,Zombies,"[69X, 143H]",,,,
20220705_SD05_0963.JPG,7/5/22,Zombies,[143H],,,,
20220705_SD05_0965.JPG,7/5/22,Zombies,[143H],,,,
20220705_SD05_0966.JPG,7/5/22,Zombies,"[69X, 143H]",,,,
20220705_SD05_0967.JPG,7/5/22,Zombies,"[69X, 143H]",,,,
20220705_SD05_0968.JPG,7/5/22,Zombies,"[69X, 143H]",,,,
20220705_SD05_0971.JPG,7/5/22,Zombies,[69X],,,,
20220705_SD05_0979.JPG,7/5/22,Zombies,"[69X, 143H]",,,,
20220705_SD05_0988.JPG,7/5/22,Zombies,"[72X, 129K]",,,,
20220705_SD05_1005.JPG,7/5/22,Zombies,[69X],,,,
20220719_SD05_2192.JPG,7/19/22,Zombies,"[110E, Unknown1]",,Adult,,
20220719_SD05_2193.JPG,7/19/22,Zombies,"[110E, Unknown1, Unknown2]",,Adult,Adult,
20220719_SD05_2197.JPG,7/19/22,Zombies,[7124],,,,
20220719_SD05_2198.JPG,7/19/22,Zombies,"[7124, Unknown1]",,NN,,
20220719_SD05_2199.JPG,7/19/22,Zombies,[7124],,,,
20220719_SD05_2200.JPG,7/19/22,Zombies,"[110E, Unknown1]",,NN,,
20220719_SD05_2202.JPG,7/19/22,Zombies,"[110E, Unknown1]",,NN,,
20220719_SD05_2204.JPG,7/19/22,Zombies,[110E],,,,
20220719_SD05_2205.JPG,7/19/22,Zombies,[110E],,,,
20220719_SD05_2206.JPG,7/19/22,Zombies,[110E],,,,
20220719_SD05_2207.JPG,7/19/22,Zombies,"[69X, 143H]",,,,
20220719_SD05_2209.JPG,7/19/22,Zombies,"[69X, 143H]",,,,
20220719_SD05_2210.JPG,7/19/22,Zombies,"[69X, 143H]",,,,
20220719_SD05_2211.JPG,7/19/22,Zombies,"[69X, 143H]",,,,
20220719_SD05_2212.JPG,7/19/22,Zombies,"[69X, 143H]",,,,
20220719_SD05_2218.JPG,7/19/22,Zombies,"[7124, Unknown1]",,NN,,
20220719_SD05_2219.JPG,7/19/22,Zombies,"[7124, Unknown1]",,NN,,
20220719_SD05_2224.JPG,7/19/22,Zombies,"[7124, Unknown1]",,NN,,
20220719_SD05_2226.JPG,7/19/22,Zombies,"[7124, Unknown1]",,NN,,
20220719_SD05_2229.JPG,7/19/22,Zombies,"[7124, 110E, Unknown1]",,NN,,
20220719_SD05_2231.JPG,7/19/22,Zombies,"[69X, 143H]",,,,
20220719_SD05_2232.JPG,7/19/22,Zombies,"[69X, 143H]",,,,
20220719_SD05_2234.JPG,7/19/22,Zombies,"[69X, 143H]",,,,
20220719_SD05_2235.JPG,7/19/22,Zombies,"[69X, 143H]",,,,
20220719_SD05_2236.JPG,7/19/22,Zombies,"[94B, 98K]",,,,
20220719_SD05_2237.JPG,7/19/22,Zombies,"[94B, 98K]",,,,
20220719_SD05_2238.JPG,7/19/22,Zombies,"[72X, 129K]",,,,
20220719_SD05_2239.JPG,7/19/22,Zombies,"[72X, 129K]",,,,
20220719_SD05_2240.JPG,7/19/22,Zombies,"[81G, 59K]",Kong,,,
20220719_SD05_2241.JPG,7/19/22,Zombies,"[81G, 59K]",Kong,,,
20220719_SD05_2242.JPG,7/19/22,Zombies,"[81G, 59K]",Kong,,,
20220719_SD05_2243.JPG,7/19/22,Zombies,"[81G, 59K]",Kong,,,
20220719_SD05_2245.JPG,7/19/22,Zombies,"[94B, 98K]",,,,
20220719_SD05_2246.JPG,7/19/22,Zombies,"[94B, 98K]",,,,
20220719_SD05_2247.JPG,7/19/22,Zombies,"[94B, 98K]",,,,
20220719_SD05_2248.JPG,7/19/22,Zombies,"[94B, 98K]",,,,
20220719_SD05_2249.JPG,7/19/22,Zombies,"[81G, 59K]",,,,
20220719_SD05_2250.JPG,7/19/22,Zombies,"[81G, 59K]",Kong,,,
20220719_SD05_2251.JPG,7/19/22,Zombies,"[81G, 59K]",Kong,,,
20220719_SD05_2252.JPG,7/19/22,Zombies,"[81G, 59K]",,,,
20220719_SD05_2253.JPG,7/19/22,Zombies,"[81G, 59K]",,,,
20220719_SD05_2254.JPG,7/19/22,Zombies,"[81G, 59K]",Kong,,,
20220719_SD05_2255.JPG,7/19/22,Zombies,"[81G, 59K]",Kong,,,
20220719_SD05_2256.JPG,7/19/22,Zombies,"[81G, 59K]",Kong,,,
20220719_SD05_2257.JPG,7/19/22,Zombies,"[94B, 98K]",,,,
20220719_SD05_2258.JPG,7/19/22,Zombies,"[94B, 98K]",,,,
20220719_SD05_2259.JPG,7/19/22,Zombies,"[81G, 59K]",,,,
20220719_SD05_2260.JPG,7/19/22,Zombies,"[81G, 59K]",,,,
20220719_SD05_2261.JPG,7/19/22,Zombies,[143H],Kong,,,
20220719_SD05_2262.JPG,7/19/22,Zombies,[143H],,,,
20220719_SD05_2263.JPG,7/19/22,Zombies,[143H],,,,
20220719_SD05_2264.JPG,7/19/22,Zombies,[143H],,,,
20220719_SD05_2265.JPG,7/19/22,Zombies,[67G],,,,
20220719_SD05_2266.JPG,7/19/22,Zombies,[67G],,,,
20220719_SD05_2267.JPG,7/19/22,Zombies,[67G],,,,
20220719_SD05_2268.JPG,7/19/22,Zombies,[143H],,,,
20220719_SD05_2269.JPG,7/19/22,Zombies,[143H],Kong,,,
20220719_SD05_2270.JPG,7/19/22,Zombies,[143H],Kong,,,
20220719_SD05_2271.JPG,7/19/22,Zombies,[143H],Kong,,,
20220719_SD05_2272.JPG,7/19/22,Zombies,[67G],,,,
20220719_SD05_2273.JPG,7/19/22,Zombies,[143H],Kong,,,
20220719_SD05_2274.JPG,7/19/22,Zombies,[143H],Kong,,,
20220719_SD05_2275.JPG,7/19/22,Zombies,[143H],Kong,,,
20220719_SD05_2278.JPG,7/19/22,Zombies,[143H],,,,
20220719_SD05_2279.JPG,7/19/22,Zombies,[143H],,,,
20220719_SD05_2280.JPG,7/19/22,Zombies,[143H],,,,
20220719_SD05_2281.JPG,7/19/22,Zombies,[143H],,,,
20220719_SD05_2282.JPG,7/19/22,Zombies,[143H],,,,
20220719_SD05_2284.JPG,7/19/22,Zombies,[67G],,,,
20220719_SD05_2285.JPG,7/19/22,Zombies,[67G],,,,
20220719_SD05_2286.JPG,7/19/22,Zombies,[67G],,,,
20220719_SD05_2287.JPG,7/19/22,Zombies,[67G],,,,
20220719_SD05_2288.JPG,7/19/22,Zombies,[143H],,,,
20220719_SD05_2289.JPG,7/19/22,Zombies,[67G],,,,
20220719_SD05_2290.JPG,7/19/22,Zombies,[143H],,,,
20220719_SD05_2291.JPG,7/19/22,Zombies,[143H],,,,
20220719_SD05_2292.JPG,7/19/22,Zombies,[143H],,,,
20220719_SD05_2293.JPG,7/19/22,Zombies,[143H],,,,
20220719_SD05_2295.JPG,7/19/22,Zombies,[143H],,,,
20220719_SD05_2296.JPG,7/19/22,Zombies,[143H],,,,
20220719_SD05_2297.JPG,7/19/22,Zombies,[143H],,,,
20220719_SD05_2298.JPG,7/19/22,Zombies,[143H],,,,
20220719_SD05_2299.JPG,7/19/22,Zombies,[143H],,,,
20220719_SD05_2300.JPG,7/19/22,Zombies,[143H],,,,
20220719_SD05_2301.JPG,7/19/22,Zombies,[143H],,,,
20220719_SD05_2302.JPG,7/19/22,Zombies,[143H],,,,
20220719_SD05_2303.JPG,7/19/22,Zombies,"[7124, 110E]",,,,
20220719_SD05_2304.JPG,7/19/22,Zombies,"[7124, 110E]",,,,
20220719_SD05_2307.JPG,7/19/22,Zombies,"[7124, 110E]",,,,
20220719_SD05_2309.JPG,7/19/22,Zombies,"[81G, 59K]",,,,
20220719_SD05_2311.JPG,7/19/22,Zombies,[69X],,,,
20220719_SD05_2314.JPG,7/19/22,Zombies,"[94B, 98K]",,,,Triangle
20220719_SD05_2315.JPG,7/19/22,Zombies,"[94B, 98K]",,,,Triangle
20220719_SD05_2317.JPG,7/19/22,Zombies,[7124],,,,
20220719_SD05_2319.JPG,7/19/22,Zombies,"[94B, 98K]",,,,Triangle
20220719_SD05_2324.JPG,7/19/22,Zombies,[69X],,,,
20220719_SD05_2327.JPG,7/19/22,Zombies,[94B],,,,
20220719_SD05_2329.JPG,7/19/22,Zombies,"[94B, 98K]",,,,Triangle
20220719_SD05_2330.JPG,7/19/22,Zombies,"[94B, 98K]",,,,Triangle
20220719_SD05_2331.JPG,7/19/22,Zombies,"[94B, 98K]",,,,Triangle
20220719_SD05_2332.JPG,7/19/22,Zombies,"[94B, 98K]",,,,Triangle
20220719_SD05_2333.JPG,7/19/22,Zombies,"[94B, 98K]",,,,Triangle
20220719_SD05_2421.JPG,7/19/22,Zombies,[7124],,,,
20220719_SD05_2423.JPG,7/19/22,Zombies,[7124],,,,
20220719_SD05_2424.JPG,7/19/22,Zombies,[143H],,,,
20220719_SD05_2426.JPG,7/19/22,Zombies,[7124],,,,
20220719_SD05_2437.JPG,7/19/22,Zombies,[7124],,,,
20220719_SD05_2464.JPG,7/19/22,Zombies,"[110E, 67G]",,,,
20220719_SD05_2466.JPG,7/19/22,Zombies,"[110E, 67G]",,,,
20220719_SD05_2470.JPG,7/19/22,Zombies,"[110E, 67G]",,,,
20220719_SD05_2473.JPG,7/19/22,Zombies,"[110E, 67G]",,,,
20220719_SD05_2474.JPG,7/19/22,Zombies,"[110E, 67G]",,,,
20220719_SD05_2475.JPG,7/19/22,Zombies,"[7124, Unknown1]",,DNK,,
20220719_SD05_2477.JPG,7/19/22,Zombies,[7124],,,,
20220719_SD05_2478.JPG,7/19/22,Zombies,[7124],,,,
20220719_SD05_2552.JPG,7/19/22,Zombies,[67G],,,,
20220719_SD05_2553.JPG,7/19/22,Zombies,[67G],,,,
20220719_SD05_2554.JPG,7/19/22,Zombies,[67G],,,,
20220719_SD05_2557.JPG,7/19/22,Zombies,[67G],,,,
20220719_SD05_2562.JPG,7/19/22,Zombies,"[72X, 129K]",,,,
20220719_SD05_2563.JPG,7/19/22,Zombies,"[72X, 129K]",,,,
20220719_SD05_2564.JPG,7/19/22,Zombies,"[72X, 129K]",,,,
20220719_SD05_2567.JPG,7/19/22,Zombies,[143H],,,,
20220719_SD05_2572.JPG,7/19/22,Zombies,"[72X, 129K]",,,,
20220719_SD05_2574.JPG,7/19/22,Zombies,[143H],,,,
20220719_SD05_2576.JPG,7/19/22,Zombies,[143H],,,,
20220719_SD05_2577.JPG,7/19/22,Zombies,"[7124, Unknown1]",,NN,,
20220719_SD05_2578.JPG,7/19/22,Zombies,"[7124, Unknown1]",,NN,,
20220719_SD05_2579.JPG,7/19/22,Zombies,"[7124, Unknown1]",,NN,,
20220719_SD05_2596.JPG,7/19/22,Zombies,"[81G, Unknown1]",,NN,,
20220719_SD05_2597.JPG,7/19/22,Zombies,"[81G, Unknown1]",,G,,Triangle
20220719_SD05_2602.JPG,7/19/22,Zombies,"[81G, 59K]",,,,Triangle
20220719_SD05_2605.JPG,7/19/22,Zombies,[81G],,,,
20220719_SD05_2607.JPG,7/19/22,Zombies,"[81G, 59K]",,,,
20220719_SD05_2611.JPG,7/19/22,Zombies,"[81G, 59K]",,,,
20220719_SD05_2613.JPG,7/19/22,Zombies,"[81G, 59K]",,,,
20220719_SD05_2621.JPG,7/19/22,Zombies,[7124],,,,
20220719_SD05_2622.JPG,7/19/22,Zombies,[7124],,,,
20220719_SD05_2623.JPG,7/19/22,Zombies,[7124],,,,
20220719_SD05_2625.JPG,7/19/22,Zombies,"[81G, 59K]",,,,
20220719_SD05_2629.JPG,7/19/22,Zombies,[69X],,,,
20220719_SD05_2632.JPG,7/19/22,Zombies,[69X],,,,
20220719_SD05_2635.JPG,7/19/22,Zombies,[69X],,,,Triangle
20220719_SD05_2639.JPG,7/19/22,Zombies,[69X],,,,
20220719_SD05_2640.JPG,7/19/22,Zombies,[69X],,,,
20220719_SD05_2641.JPG,7/19/22,Zombies,[69X],,,,
20220719_SD05_2642.JPG,7/19/22,Zombies,[69X],,,,
20220719_SD05_2645.JPG,7/19/22,Zombies,[69X],,,,
20220719_SD05_2646.JPG,7/19/22,Zombies,[69X],,,,
20220719_SD05_2648.JPG,7/19/22,Zombies,[69X],,,,
20220719_SD05_2650.JPG,7/19/22,Zombies,"[110E, 67G]",,,,
20220719_SD05_2651.JPG,7/19/22,Zombies,"[110E, 67G]",,,,
20220719_SD05_2652.JPG,7/19/22,Zombies,"[110E, 67G]",,,,
20220719_SD05_2663.JPG,7/19/22,Zombies,[110E],,,,
20220719_SD05_2664.JPG,7/19/22,Zombies,[110E],,,,
20220719_SD05_2665.JPG,7/19/22,Zombies,[7124],,,,
20220719_SD05_2666.JPG,7/19/22,Zombies,[7124],,,,
20220719_SD05_2667.JPG,7/19/22,Zombies,[7124],,,,
20220719_SD05_2669.JPG,7/19/22,Zombies,[7124],,,,
20220719_SD05_2670.JPG,7/19/22,Zombies,[7124],,,,
20220719_SD05_2671.JPG,7/19/22,Zombies,[7124],,,,
20220719_SD05_2673.JPG,7/19/22,Zombies,[7124],,,,
20220719_SD05_2674.JPG,7/19/22,Zombies,[7124],,,,
20220719_SD05_2675.JPG,7/19/22,Zombies,[7124],,,,
20220719_SD05_2679.JPG,7/19/22,Zombies,"[110E, 67G]",,,,
20220719_SD05_2680.JPG,7/19/22,Zombies,"[110E, 67G]",,,,
20220719_SD05_2682.JPG,7/19/22,Zombies,"[110E, 67G]",,,,
20220719_SD05_2687.JPG,7/19/22,Zombies,"[110E, 67G]",,,,
20220719_SD05_2690.JPG,7/19/22,Zombies,[110E],,,,
20220719_SD05_2691.JPG,7/19/22,Zombies,[110E],,,,
20220719_SD05_2692.JPG,7/19/22,Zombies,[110E],,,,
20220719_SD05_2693.JPG,7/19/22,Zombies,"[110E, 67G]",,,,
20220719_SD05_2695.JPG,7/19/22,Zombies,"[110E, 67G]",,,,
20220719_SD05_2696.JPG,7/19/22,Zombies,[67G],,,,
20220719_SD05_2704.JPG,7/19/22,Zombies,"[67G, Unknown1]",,K,,
20220719_SD05_2705.JPG,7/19/22,Zombies,"[67G, Unknown1]",,NN,,
20220719_SD05_2708.JPG,7/19/22,Zombies,[7124],,,,
20220719_SD05_2714.JPG,7/19/22,Zombies,"[7124, Unknown1]",,Adult Female,,
20220719_SD05_2715.JPG,7/19/22,Zombies,"[7124, Unknown1]",,Adult Female,,
20220719_SD05_2717.JPG,7/19/22,Zombies,[7124],,,,
20220719_SD05_2718.JPG,7/19/22,Zombies,[69X],,,,
20220719_SD05_2719.JPG,7/19/22,Zombies,[69X],,,,
20220719_SD05_2720.JPG,7/19/22,Zombies,[69X],,,,
20220719_SD05_2721.JPG,7/19/22,Zombies,[69X],,,,
20220719_SD05_2724.JPG,7/19/22,Zombies,[69X],,,,
20220719_SD05_2725.JPG,7/19/22,Zombies,[69X],,,,
20220719_SD05_2726.JPG,7/19/22,Zombies,[69X],,,,
20220719_SD05_2729.JPG,7/19/22,Zombies,[69X],,,,
20220719_SD05_2731.JPG,7/19/22,Zombies,[67G],,,,
20220719_SD05_2733.JPG,7/19/22,Zombies,[7124],,,,
20220719_SD05_2735.JPG,7/19/22,Zombies,[7124],,,,
20220719_SD05_2773.JPG,7/19/22,Zombies,[7124],,,,
20220719_SD05_2780.JPG,7/19/22,Zombies,[7124],,,,
20220719_SD05_2781.JPG,7/19/22,Zombies,[7124],,,,
20220719_SD05_2783.JPG,7/19/22,Zombies,"[7124, 143H]",,,,
20220719_SD05_2784.JPG,7/19/22,Zombies,"[7124, 143H]",,,,
20220719_SD05_2786.JPG,7/19/22,Zombies,[7124],,,,
20220719_SD05_2789.JPG,7/19/22,Zombies,"[7124, Unknown1]",,DNK,,
20220719_SD05_2792.JPG,7/19/22,Zombies,"[94B, 98K]",,,,Triangle
20220719_SD05_2795.JPG,7/19/22,Zombies,"[72X, 143H, 129K]",,,,
20220719_SD05_2796.JPG,7/19/22,Zombies,"[72X, 143H]",,,,
20220719_SD05_2797.JPG,7/19/22,Zombies,"[72X, 129K]",,,,
20220719_SD05_2798.JPG,7/19/22,Zombies,"[72X, 67G, 129K, Unknown1]",,NN,,
20220719_SD05_2799.JPG,7/19/22,Zombies,[69X],,,,
20220719_SD05_2800.JPG,7/19/22,Zombies,"[72X, Unknown1]",,NN,,
20220719_SD05_2801.JPG,7/19/22,Zombies,"[81G, 59K]",,,,
20220719_SD05_2803.JPG,7/19/22,Zombies,"[81G, 59K]",,,,
20220719_SD05_2804.JPG,7/19/22,Zombies,"[81G, 59K]",,,,
20220719_SD05_2805.JPG,7/19/22,Zombies,"[72X, 94B, 98K]",,,,
20220719_SD05_2806.JPG,7/19/22,Zombies,"[94B, 98K]",,,,
20220719_SD05_2808.JPG,7/19/22,Zombies,"[72X, 94B, 129K]",,,,
20220719_SD05_2809.JPG,7/19/22,Zombies,"[72X, 129K]",,,,
20220719_SD05_2810.JPG,7/19/22,Zombies,"[72X, 129K]",,,,
20220719_SD05_2812.JPG,7/19/22,Zombies,[67G],,,,
20220719_SD05_2813.JPG,7/19/22,Zombies,[67G],,,,
20220719_SD05_2816.JPG,7/19/22,Zombies,"[94B, 98K]",,,,
20220719_SD05_2817.JPG,7/19/22,Zombies,"[94B, 98K]",,,,
20220719_SD05_2818.JPG,7/19/22,Zombies,"[94B, 98K]",,,,
20220719_SD05_2819.JPG,7/19/22,Zombies,"[72X, 129K]",,,,
20220719_SD05_2822.JPG,7/19/22,Zombies,"[72X, 129K]",,,,
20220719_SD05_2825.JPG,7/19/22,Zombies,[7124],,,,
20220719_SD05_2827.JPG,7/19/22,Zombies,[7124],,,,
20220719_SD05_2830.JPG,7/19/22,Zombies,[143H],,,,
20220719_SD05_2831.JPG,7/19/22,Zombies,[143H],,,,
20220719_SD05_2855.JPG,7/19/22,Zombies,"[94B, 98K]",,,,
20220719_SD05_2876.JPG,7/19/22,Zombies,[69X],,,,
20220719_SD05_2878.JPG,7/19/22,Zombies,[69X],,,,
20220719_SD05_2881.JPG,7/19/22,Zombies,"[94B, 98K]",,,,
20220725_SD05_3553.JPG,7/25/22,Zombies,"[7124, Unknown1]",,Adult Female,,
20220725_SD05_3554.JPG,7/25/22,Zombies,"[7124, Unknown1]",,Adult Female,,
20220725_SD05_3556.JPG,7/25/22,Zombies,[7124],,,,
20220725_SD05_3557.JPG,7/25/22,Zombies,"[7124, Unknown1]",,Adult Female,,
20220725_SD05_3720.JPG,7/25/22,Zombies,[143H],,,,
20220725_SD05_3722.JPG,7/25/22,Zombies,[143H],,,,
20220725_SD05_3723.JPG,7/25/22,Zombies,[143H],,,,
20220725_SD05_3724.JPG,7/25/22,Zombies,[143H],,,,Swing
20220725_SD05_3725.JPG,7/25/22,Zombies,[143H],,,,Swing
20220725_SD05_3726.JPG,7/25/22,Zombies,[143H],,,,Swing
20220725_SD05_3727.JPG,7/25/22,Zombies,[143H],,,,Swing
20220725_SD05_3728.JPG,7/25/22,Zombies,[143H],,,,Swing
20220725_SD05_3738.JPG,7/25/22,Zombies,[143H],,,,
20220725_SD05_3739.JPG,7/25/22,Zombies,[143H],,,,
20220725_SD05_3740.JPG,7/25/22,Zombies,[143H],,,,
20220725_SD05_3741.JPG,7/25/22,Zombies,[143H],,,,
20220725_SD05_3742.JPG,7/25/22,Zombies,[143H],,,,
20220725_SD05_3743.JPG,7/25/22,Zombies,[69X],,,,
20220725_SD05_3744.JPG,7/25/22,Zombies,[69X],,,,
20220725_SD05_3745.JPG,7/25/22,Zombies,[69X],,,,
20220725_SD05_3746.JPG,7/25/22,Zombies,[143H],,,,
20220725_SD05_3747.JPG,7/25/22,Zombies,[143H],,,,
20220725_SD05_3749.JPG,7/25/22,Zombies,[69X],,,,
20220725_SD05_3750.JPG,7/25/22,Zombies,[143H],,,,
20220725_SD05_3751.JPG,7/25/22,Zombies,[143H],,,,
20220725_SD05_3752.JPG,7/25/22,Zombies,[143H],,,,
20220725_SD05_3753.JPG,7/25/22,Zombies,[143H],,,,
20220725_SD05_3754.JPG,7/25/22,Zombies,[143H],,,,
20220725_SD05_3756.JPG,7/25/22,Zombies,[143H],,,,
20220725_SD05_3757.JPG,7/25/22,Zombies,[69X],,,,
20220725_SD05_3758.JPG,7/25/22,Zombies,[69X],,,,
20220725_SD05_3759.JPG,7/25/22,Zombies,[143H],,,,Swing
20220725_SD05_3760.JPG,7/25/22,Zombies,[143H],,,,
20220725_SD05_3761.JPG,7/25/22,Zombies,[143H],,,,
20220725_SD05_3762.JPG,7/25/22,Zombies,[69X],,,,
20220725_SD05_3763.JPG,7/25/22,Zombies,[69X],,,,
20220725_SD05_3765.JPG,7/25/22,Zombies,"[69X, Unknown1]",,143H,,
20220725_SD05_3766.JPG,7/25/22,Zombies,"[69X, 143H]",,,,
20220725_SD05_3767.JPG,7/25/22,Zombies,"[69X, 143H]",,,,
20220725_SD05_3768.JPG,7/25/22,Zombies,"[69X, 143H]",,,,
20220725_SD05_3769.JPG,7/25/22,Zombies,"[69X, 143H]",,,,
20220725_SD05_3770.JPG,7/25/22,Zombies,"[69X, 143H]",,,,
20220725_SD05_3773.JPG,7/25/22,Zombies,"[81G, 59K]",,,,
20220725_SD05_3774.JPG,7/25/22,Zombies,"[81G, 59K]",,,,
20220725_SD05_3776.JPG,7/25/22,Zombies,"[81G, 59K]",,,,
20220725_SD05_3777.JPG,7/25/22,Zombies,"[81G, 59K]",,,,
20220725_SD05_3778.JPG,7/25/22,Zombies,"[81G, 59K]",,,,
20220725_SD05_3779.JPG,7/25/22,Zombies,"[81G, 59K]",,,,
20220725_SD05_3780.JPG,7/25/22,Zombies,"[81G, 59K]",,,,
20220725_SD05_3781.JPG,7/25/22,Zombies,[81G],,,,
20220725_SD05_3783.JPG,7/25/22,Zombies,[143H],,,,
20220725_SD05_3784.JPG,7/25/22,Zombies,[143H],,,,
20220725_SD05_3785.JPG,7/25/22,Zombies,[143H],,,,
20220725_SD05_3786.JPG,7/25/22,Zombies,[143H],,,,
20220725_SD05_3787.JPG,7/25/22,Zombies,[143H],,,,
20220725_SD05_3788.JPG,7/25/22,Zombies,[143H],,,,
20220725_SD05_3796.JPG,7/25/22,Zombies,[143H],,,,Swing
20220725_SD05_3797.JPG,7/25/22,Zombies,[143H],,,,Swing
20220725_SD05_3798.JPG,7/25/22,Zombies,[143H],,,,Swing
20220725_SD05_3799.JPG,7/25/22,Zombies,[143H],,,,Swing
20220725_SD05_3801.JPG,7/25/22,Zombies,[143H],,,,Swing
20220725_SD05_3802.JPG,7/25/22,Zombies,[143H],,,,Swing
20220725_SD05_3803.JPG,7/25/22,Zombies,[143H],,,,Swing
20220725_SD05_3804.JPG,7/25/22,Zombies,[143H],,,,Swing
20220725_SD05_3805.JPG,7/25/22,Zombies,[143H],,,,Swing
20220725_SD05_3806.JPG,7/25/22,Zombies,[143H],,,,
20220725_SD05_3809.JPG,7/25/22,Zombies,[69X],,,,
20220725_SD05_3810.JPG,7/25/22,Zombies,[69X],,,,
20220725_SD05_3811.JPG,7/25/22,Zombies,[143H],,,,Swing
20220725_SD05_3812.JPG,7/25/22,Zombies,[143H],,,,Swing
20220725_SD05_3813.JPG,7/25/22,Zombies,[143H],,,,Swing
20220725_SD05_3814.JPG,7/25/22,Zombies,[143H],,,,Swing
20220725_SD05_3815.JPG,7/25/22,Zombies,[59K],,,,
20220725_SD05_3817.JPG,7/25/22,Zombies,[69X],,,,
20220725_SD05_3818.JPG,7/25/22,Zombies,[69X],,,,
20220725_SD05_3819.JPG,7/25/22,Zombies,"[59K, Unknown1]",,NN,,
20220725_SD05_3820.JPG,7/25/22,Zombies,"[59K, Unknown1]",,NN,,
20220725_SD05_3821.JPG,7/25/22,Zombies,"[59K, Unknown1]",,NN,,
20220725_SD05_3822.JPG,7/25/22,Zombies,[81G],,,,
20220725_SD05_3823.JPG,7/25/22,Zombies,[81G],,,,
20220725_SD05_3824.JPG,7/25/22,Zombies,[81G],,,,
20220725_SD05_3825.JPG,7/25/22,Zombies,"[81G, 59K]",,,,
20220725_SD05_3828.JPG,7/25/22,Zombies,"[94B, 98K]",,,,
20220725_SD05_3830.JPG,7/25/22,Zombies,"[94B, 98K]",,,,
20220725_SD05_3834.JPG,7/25/22,Zombies,"[94B, 98K]",,,,
20220725_SD05_3839.JPG,7/25/22,Zombies,"[69X, 94B, 98K]",,,,
20220725_SD05_3848.JPG,7/25/22,Zombies,[69X],,,,
20220725_SD05_3850.JPG,7/25/22,Zombies,"[69X, 94B, 98K]",,,,
20220725_SD05_3853.JPG,7/25/22,Zombies,[7124],,,,Triangle
20220725_SD05_3860.JPG,7/25/22,Zombies,"[7124, 110E]",,,,Triangle
20220725_SD05_3862.JPG,7/25/22,Zombies,"[7124, 110E]",,,,Triangle
20220725_SD05_3865.JPG,7/25/22,Zombies,"[7124, 110E]",,,,Triangle
20220725_SD05_3866.JPG,7/25/22,Zombies,"[7124, 110E]",,,,Triangle
20220725_SD05_3873.JPG,7/25/22,Zombies,"[7124, 110E]",,,,Triangle
20220725_SD05_3874.JPG,7/25/22,Zombies,"[7124, 110E]",,,,Triangle
20220725_SD05_3875.JPG,7/25/22,Zombies,"[7124, 110E]",,,,Triangle
20220725_SD05_3877.JPG,7/25/22,Zombies,"[7124, 110E]",,,,Triangle
20220725_SD05_3879.JPG,7/25/22,Zombies,"[7124, 110E]",,,,Triangle
20220725_SD05_3965.JPG,7/27/22,Zombies,"[81G, 59K]",,,,
20220725_SD05_3973.JPG,7/27/22,Zombies,"[69X, 143H]",,,,
20220725_SD05_3974.JPG,7/27/22,Zombies,"[69X, 143H]",,,,
20220725_SD05_3979.JPG,7/27/22,Zombies,"[69X, 143H]",,,,
20220725_SD05_3987.JPG,7/27/22,Zombies,[67G],,,,
20220725_SD05_3988.JPG,7/27/22,Zombies,[67G],,,,
20220725_SD05_3989.JPG,7/27/22,Zombies,[67G],,,,
20220725_SD05_3990.JPG,7/27/22,Zombies,[67G],,,,
20220725_SD05_3992.JPG,7/27/22,Zombies,"[110E, 67G, Unknown1]",,K,,
20220725_SD05_3993.JPG,7/27/22,Zombies,"[110E, 67G, Unknown1]",,K,,
20220725_SD05_3994.JPG,7/27/22,Zombies,"[110E, 67G, Unknown1]",,K,,
20220725_SD05_3995.JPG,7/27/22,Zombies,"[110E, 67G]",,,,
20220725_SD05_3996.JPG,7/27/22,Zombies,"[110E, 67G, Unknown1]",,K,,
20220725_SD05_3997.JPG,7/27/22,Zombies,"[110E, 67G, Unknown1]",,K,,
20220725_SD05_3998.JPG,7/27/22,Zombies,"[110E, 67G, Unknown1]",,K,,
20220725_SD05_3999.JPG,7/27/22,Zombies,"[110E, 67G, Unknown1]",,K,,
20220725_SD05_4000.JPG,7/27/22,Zombies,"[110E, 67G, Unknown1]",,K,,
20220725_SD05_4001.JPG,7/27/22,Zombies,"[110E, 67G, Unknown1]",,K,,
20220725_SD05_4002.JPG,7/27/22,Zombies,"[110E, 67G, Unknown1]",,K,,
20220725_SD05_4003.JPG,7/27/22,Zombies,"[110E, 67G, Unknown1]",,K,,
20220725_SD05_4004.JPG,7/27/22,Zombies,"[110E, 67G, Unknown1]",,K,,
20220725_SD05_4005.JPG,7/27/22,Zombies,"[110E, 67G, Unknown1]",,K,,
20220725_SD05_4006.JPG,7/27/22,Zombies,"[110E, 67G, Unknown1]",,K,,
20220725_SD05_4007.JPG,7/27/22,Zombies,"[110E, 67G, Unknown1]",,K,,
20220725_SD05_4008.JPG,7/27/22,Zombies,"[110E, 67G, Unknown1]",,K,,
20220725_SD05_4009.JPG,7/27/22,Zombies,"[110E, 67G, Unknown1]",,K,,
20220725_SD05_4010.JPG,7/27/22,Zombies,"[110E, 67G, Unknown1]",,K,,
20220725_SD05_4011.JPG,7/27/22,Zombies,"[110E, 67G, Unknown1]",,K,,
20220725_SD05_4012.JPG,7/27/22,Zombies,[7124],,,,
20220725_SD05_4013.JPG,7/27/22,Zombies,"[7124, 110E, Unknown1]",,K,,
20220725_SD05_4014.JPG,7/27/22,Zombies,"[7124, 110E, Unknown1]",,K,,
20220725_SD05_4016.JPG,7/27/22,Zombies,"[72X, 129K]",,,,
20220725_SD05_4017.JPG,7/27/22,Zombies,"[72X, 129K]",,,,
20220725_SD05_4019.JPG,7/27/22,Zombies,"[72X, 129K]",,,,
20220725_SD05_4020.JPG,7/27/22,Zombies,"[72X, 129K]",,,,
20220725_SD05_4021.JPG,7/27/22,Zombies,"[72X, 129K]",,,,
20220725_SD05_4022.JPG,7/27/22,Zombies,"[72X, 129K]",,,,
20220725_SD05_4023.JPG,7/27/22,Zombies,"[72X, 129K]",,,,
20220725_SD05_4024.JPG,7/27/22,Zombies,"[72X, 129K]",,,,
20220725_SD05_4026.JPG,7/27/22,Zombies,"[72X, 129K]",,,,
20220725_SD05_4027.JPG,7/27/22,Zombies,"[72X, 129K]",,,,
20220725_SD05_4028.JPG,7/27/22,Zombies,"[72X, 129K]",,,,
20220725_SD05_4029.JPG,7/27/22,Zombies,"[72X, 129K]",,,,
20220725_SD05_4030.JPG,7/27/22,Zombies,"[72X, 129K]",,,,
20220725_SD05_4031.JPG,7/27/22,Zombies,"[72X, 129K]",,,,
20220725_SD05_4032.JPG,7/27/22,Zombies,"[72X, 129K]",,,,
20220725_SD05_4033.JPG,7/27/22,Zombies,"[72X, 129K]",,,,
20220725_SD05_4034.JPG,7/27/22,Zombies,"[72X, 129K]",,,,
20220725_SD05_4035.JPG,7/27/22,Zombies,"[72X, 129K]",,,,
20220725_SD05_4036.JPG,7/27/22,Zombies,"[72X, 129K]",,,,
20220725_SD05_4037.JPG,7/27/22,Zombies,"[72X, 129K]",,,,
20220725_SD05_4038.JPG,7/27/22,Zombies,"[72X, 94B, 129K]",,,,
20220725_SD05_4039.JPG,7/27/22,Zombies,"[72X, 94B, 129K]",,,,
20220725_SD05_4040.JPG,7/27/22,Zombies,"[72X, 94B, 129K]",,,,
20220725_SD05_4042.JPG,7/27/22,Zombies,"[72X, 94B, 129K]",,,,
20220725_SD05_4043.JPG,7/27/22,Zombies,"[72X, 94B, 129K]",,,,
20220725_SD05_4044.JPG,7/27/22,Zombies,"[72X, 94B, 129K]",,,,
20220725_SD05_4045.JPG,7/27/22,Zombies,"[72X, 94B, 129K]",,,,
20220725_SD05_4046.JPG,7/27/22,Zombies,"[72X, 94B, 129K]",,,,
20220725_SD05_4047.JPG,7/27/22,Zombies,"[72X, 94B, 129K]",,,,
20220725_SD05_4048.JPG,7/27/22,Zombies,"[72X, 94B, 129K]",,,,
20220725_SD05_4049.JPG,7/27/22,Zombies,"[72X, 129K]",,,,
20220725_SD05_4050.JPG,7/27/22,Zombies,"[72X, 129K]",,,,
20220725_SD05_4052.JPG,7/27/22,Zombies,[143H],,,,
20220725_SD05_4053.JPG,7/27/22,Zombies,[143H],,,,
20220725_SD05_4054.JPG,7/27/22,Zombies,[69X],,,,
20220725_SD05_4055.JPG,7/27/22,Zombies,[69X],,,,
20220725_SD05_4056.JPG,7/27/22,Zombies,[69X],,,,
20220725_SD05_4057.JPG,7/27/22,Zombies,[69X],,,,
20220725_SD05_4058.JPG,7/27/22,Zombies,[69X],,,,
20220725_SD05_4059.JPG,7/27/22,Zombies,[69X],,,,
20220725_SD05_4061.JPG,7/27/22,Zombies,[69X],,,,
20220725_SD05_4062.JPG,7/27/22,Zombies,[69X],,,,
20220725_SD05_4063.JPG,7/27/22,Zombies,[143H],,,,
20220725_SD05_4064.JPG,7/27/22,Zombies,[143H],,,,
20220725_SD05_4065.JPG,7/27/22,Zombies,[69X],,,,
20220725_SD05_4066.JPG,7/27/22,Zombies,[69X],,,,
20220725_SD05_4067.JPG,7/27/22,Zombies,[67G],,,,
20220725_SD05_4069.JPG,7/27/22,Zombies,[67G],,,,
20220725_SD05_4070.JPG,7/27/22,Zombies,[67G],,,,
20220725_SD05_4071.JPG,7/27/22,Zombies,[67G],,,,
20220725_SD05_4072.JPG,7/27/22,Zombies,[67G],,,,
20220725_SD05_4073.JPG,7/27/22,Zombies,[67G],,,,
20220725_SD05_4074.JPG,7/27/22,Zombies,[67G],,,,
20220725_SD05_4075.JPG,7/27/22,Zombies,[67G],,,,
20220725_SD05_4076.JPG,7/27/22,Zombies,"[69X, 143H]",,,,
20220725_SD05_4077.JPG,7/27/22,Zombies,"[69X, 143H]",,,,
20220725_SD05_4081.JPG,7/27/22,Zombies,[67G],,,,
20220725_SD05_4082.JPG,7/27/22,Zombies,[67G],,,,
20220725_SD05_4083.JPG,7/27/22,Zombies,"[69X, 143H]",,,,
20220725_SD05_4085.JPG,7/27/22,Zombies,[67G],,,,
20220725_SD05_4086.JPG,7/27/22,Zombies,[67G],,,,
20220725_SD05_4087.JPG,7/27/22,Zombies,[67G],,,,
20220725_SD05_4088.JPG,7/27/22,Zombies,[67G],,,,
20220725_SD05_4089.JPG,7/27/22,Zombies,[67G],,,,
20220725_SD05_4090.JPG,7/27/22,Zombies,[67G],,,,
20220725_SD05_4091.JPG,7/27/22,Zombies,[67G],,,,
20220725_SD05_4092.JPG,7/27/22,Zombies,[67G],,,,
20220725_SD05_4093.JPG,7/27/22,Zombies,[67G],,,,
20220725_SD05_4095.JPG,7/27/22,Zombies,"[69X, 143H]",,,,Triangle
20220725_SD05_4096.JPG,7/27/22,Zombies,"[69X, 143H]",,,,Triangle
20220725_SD05_4140.JPG,7/27/22,Zombies,[67G],,,,
20220725_SD05_4141.JPG,7/27/22,Zombies,[67G],,,,
20220725_SD05_4163.JPG,7/27/22,Zombies,"[69X, 94B, 98K]",,,,
20220725_SD05_4165.JPG,7/27/22,Zombies,"[69X, 94B, 98K]",,,,
20220725_SD05_4168.JPG,7/27/22,Zombies,"[69X, 94B, 98K]",,,,
20220725_SD05_4191.JPG,7/27/22,Zombies,[67G],,,,
20220725_SD05_4209.JPG,7/27/22,Zombies,"[110E, 67G]",,,,
20220725_SD05_4211.JPG,7/27/22,Zombies,"[110E, 67G]",,,,
20220725_SD05_4213.JPG,7/27/22,Zombies,"[110E, 67G]",,,,
20220725_SD05_4214.JPG,7/27/22,Zombies,"[110E, 67G]",,,,
20220725_SD05_4219.JPG,7/27/22,Zombies,"[72X, 129K]",,,,
20220804_SD05_5287.JPG,8/4/22,Zombies,[69X],,,,
20220804_SD05_5288.JPG,8/4/22,Zombies,[69X],,,,
20220804_SD05_5291.JPG,8/4/22,Zombies,[69X],,,,
20220804_SD05_5292.JPG,8/4/22,Zombies,[69X],,,,
20220804_SD05_5295.JPG,8/4/22,Zombies,[7124],,,,Triangle
20220804_SD05_5296.JPG,8/4/22,Zombies,[7124],,,,Triangle
20220804_SD05_5297.JPG,8/4/22,Zombies,[7124],,,,Triangle
20220804_SD05_5298.JPG,8/4/22,Zombies,[7124],,,,Triangle
20220804_SD05_5299.JPG,8/4/22,Zombies,[7124],,,,Triangle
20220804_SD05_5302.JPG,8/4/22,Zombies,[7124],,,,Triangle
20220804_SD05_5303.JPG,8/4/22,Zombies,[7124],,,,Triangle
20220804_SD05_5305.JPG,8/4/22,Zombies,[7124],,,,Triangle
20220804_SD05_5311.JPG,8/4/22,Zombies,"[110E, Unknown1]",,NN,,
20220804_SD05_5312.JPG,8/4/22,Zombies,"[110E, Unknown1]",,NN,,
20220804_SD05_5313.JPG,8/4/22,Zombies,"[110E, Unknown1]",,NN,,
20220804_SD05_5315.JPG,8/4/22,Zombies,"[110E, Unknown1]",,NN,,
20220804_SD05_5320.JPG,8/4/22,Zombies,[7124],,,,
20220804_SD05_5321.JPG,8/4/22,Zombies,[7124],,,,
20220804_SD05_5323.JPG,8/4/22,Zombies,[7124],,,,Triangle
20220804_SD05_5324.JPG,8/4/22,Zombies,[7124],,,,
20220804_SD05_5328.JPG,8/4/22,Zombies,[72X],,,,
20220804_SD05_5331.JPG,8/4/22,Zombies,[72X],,,,
20220804_SD05_5333.JPG,8/4/22,Zombies,[72X],,,,
20220804_SD05_5334.JPG,8/4/22,Zombies,[72X],,,,
20220804_SD05_5336.JPG,8/4/22,Zombies,[72X],,,,
20220804_SD05_5338.JPG,8/4/22,Zombies,[72X],,,,
20220804_SD05_5342.JPG,8/4/22,Zombies,"[72X, 129K]",,,,
20220804_SD05_5343.JPG,8/4/22,Zombies,"[72X, 129K]",,,,
20220804_SD05_5348.JPG,8/4/22,Zombies,"[72X, 129K]",,,,
20220804_SD05_5350.JPG,8/4/22,Zombies,"[72X, 129K]",,,,
20220804_SD05_5352.JPG,8/4/22,Zombies,"[72X, 129K]",,,,
20220804_SD05_5355.JPG,8/4/22,Zombies,"[72X, 129K]",,,,
20220804_SD05_5360.JPG,8/4/22,Zombies,"[7124, 110E]",,,,
20220804_SD05_5364.JPG,8/4/22,Zombies,"[7124, 110E]",,,,
20220804_SD05_5365.JPG,8/4/22,Zombies,"[94B, Unknown1]",,Adult Female,,
20220804_SD05_5368.JPG,8/4/22,Zombies,"[94B, Unknown1]",,Adult Female,,
20220804_SD05_5374.JPG,8/4/22,Zombies,[69X],,,,
20220804_SD05_5377.JPG,8/4/22,Zombies,[69X],,,,
20220804_SD05_5381.JPG,8/4/22,Zombies,[69X],,,,
20220804_SD05_5382.JPG,8/4/22,Zombies,[69X],,,,
20220804_SD05_5384.JPG,8/4/22,Zombies,[69X],,,,
20220804_SD05_5387.JPG,8/4/22,Zombies,"[72X, 129K]",,,,
20220804_SD05_5388.JPG,8/4/22,Zombies,"[72X, 129K]",,,,
20220804_SD05_5391.JPG,8/4/22,Zombies,"[72X, 129K]",,,,
20220804_SD05_5393.JPG,8/4/22,Zombies,"[69X, Unknown1]",,J,,
20220804_SD05_5400.JPG,8/4/22,Zombies,"[69X, Unknown1]",,NN,,
20220804_SD05_5401.JPG,8/4/22,Zombies,"[69X, Unknown1]",,NN,,
20220804_SD05_5403.JPG,8/4/22,Zombies,[69X],,,,
20220804_SD05_5404.JPG,8/4/22,Zombies,[69X],,,,
20220804_SD05_5409.JPG,8/4/22,Zombies,"[110E, Unknown1]",,NN,,
20220804_SD05_5412.JPG,8/4/22,Zombies,[69X],,,,
20220804_SD05_5420.JPG,8/4/22,Zombies,[110E],,,,
20220804_SD05_5424.JPG,8/4/22,Zombies,[7124],,,,
20220804_SD05_5425.JPG,8/4/22,Zombies,[7124],,,,
20220804_SD05_5431.JPG,8/4/22,Zombies,[7124],,,,
20220804_SD05_5434.JPG,8/4/22,Zombies,[110E],,,,
20220804_SD05_5446.JPG,8/4/22,Zombies,[7124],,,,
20220804_SD05_5447.JPG,8/4/22,Zombies,[7124],,,,
20220804_SD05_5452.JPG,8/4/22,Zombies,[7124],,,,
20220804_SD05_5456.JPG,8/4/22,Zombies,[143H],,,,
20220804_SD05_5457.JPG,8/4/22,Zombies,[143H],,,,
20220804_SD05_5458.JPG,8/4/22,Zombies,[143H],,,,
20220804_SD05_5459.JPG,8/4/22,Zombies,[7124],,,,
20220804_SD05_5460.JPG,8/4/22,Zombies,[7124],,,,
20220804_SD05_5474.JPG,8/4/22,Zombies,"[81G, 59K, Unknown1]",,NN,,
20220804_SD05_5475.JPG,8/4/22,Zombies,[143H],,,,
20220804_SD05_5477.JPG,8/4/22,Zombies,"[7124, 110E]",,,,
20220804_SD05_5479.JPG,8/4/22,Zombies,"[7124, 110E]",,,,
20220804_SD05_5482.JPG,8/4/22,Zombies,[143H],,,,
20220804_SD05_5483.JPG,8/4/22,Zombies,[69X],,,,
20220804_SD05_5484.JPG,8/4/22,Zombies,[69X],,,,
20220804_SD05_5486.JPG,8/4/22,Zombies,[69X],,,,
20220804_SD05_5488.JPG,8/4/22,Zombies,[69X],,,,
20220804_SD05_5491.JPG,8/4/22,Zombies,[69X],,,,
20220804_SD05_5496.JPG,8/4/22,Zombies,[69X],,,,
20220804_SD05_5502.JPG,8/4/22,Zombies,[143H],,,,
20220804_SD05_5503.JPG,8/4/22,Zombies,[143H],,,,
20220804_SD05_5504.JPG,8/4/22,Zombies,[143H],,,,
20220804_SD05_5505.JPG,8/4/22,Zombies,[143H],,,,
20220804_SD05_5508.JPG,8/4/22,Zombies,"[81G, Unknown1, Unknown2]",,NN,NN,
20220804_SD05_5522.JPG,8/4/22,Zombies,[110E],,,,Triangle
20220804_SD05_5525.JPG,8/4/22,Zombies,[110E],,,,Triangle
20220804_SD05_5527.JPG,8/4/22,Zombies,[110E],,,,Triangle
20220804_SD05_5543.JPG,8/4/22,Zombies,[67G],,,,
20220804_SD05_5544.JPG,8/4/22,Zombies,[67G],,,,
20220804_SD05_5547.JPG,8/4/22,Zombies,"[67G, Unknown1]",,Adult Female,,
20220804_SD05_5548.JPG,8/4/22,Zombies,"[67G, Unknown1]",,Adult Female,,
20220804_SD05_5549.JPG,8/4/22,Zombies,"[67G, Unknown1]",,Adult Female,,
20220804_SD05_5551.JPG,8/4/22,Zombies,"[67G, Unknown1]",,Adult Female,,
20220804_SD05_5553.JPG,8/4/22,Zombies,"[67G, Unknown1, Unknown2]",,Adult Female,K,
20220804_SD05_5554.JPG,8/4/22,Zombies,"[67G, Unknown1, Unknown2]",,Adult Female,K,
20220804_SD05_5556.JPG,8/4/22,Zombies,"[67G, Unknown1, Unknown2]",,Adult Female,K,
20220804_SD05_5561.JPG,8/4/22,Zombies,[69X],Ziggs,,,
20220804_SD05_5582.JPG,8/4/22,Zombies,"[72X, Unknown1]",,NN,,
20220804_SD05_5591.JPG,8/4/22,Zombies,[110E],,,,Triangle
20220804_SD05_5595.JPG,8/4/22,Zombies,[110E],,,,Triangle
20220804_SD05_5596.JPG,8/4/22,Zombies,[110E],,,,Triangle
20220804_SD05_5597.JPG,8/4/22,Zombies,[110E],,,,Triangle
20220804_SD05_5599.JPG,8/4/22,Zombies,[110E],,,,Triangle
20220804_SD05_5607.JPG,8/4/22,Zombies,[110E],,,,Triangle
20220804_SD05_5611.JPG,8/4/22,Zombies,[110E],,,,Triangle
20220804_SD05_5619.JPG,8/4/22,Zombies,[67G],,,,
20220804_SD05_5622.JPG,8/4/22,Zombies,"[67G, 81G]",,,,
20220804_SD05_5627.JPG,8/4/22,Zombies,[143H],,,,
20220804_SD05_5628.JPG,8/4/22,Zombies,"[81G, 59K]",,,,
20220804_SD05_5629.JPG,8/4/22,Zombies,"[81G, 59K]",,,,
20220804_SD05_5634.JPG,8/4/22,Zombies,[67G],,,,
20220804_SD05_5635.JPG,8/4/22,Zombies,[67G],,,,
20220804_SD05_5638.JPG,8/4/22,Zombies,[67G],,,,
20220804_SD05_5639.JPG,8/4/22,Zombies,[67G],,,,
20220804_SD05_5641.JPG,8/4/22,Zombies,[67G],,,,
20220804_SD05_5645.JPG,8/4/22,Zombies,"[72X, 129K]",,,,
20220804_SD05_5646.JPG,8/4/22,Zombies,"[72X, 129K]",,,,
20220804_SD05_5647.JPG,8/4/22,Zombies,"[72X, 129K]",,,,
20220804_SD05_5649.JPG,8/4/22,Zombies,"[72X, 129K]",,,,
20220804_SD05_5650.JPG,8/4/22,Zombies,"[72X, 129K]",,,,
20220804_SD05_5659.JPG,8/4/22,Zombies,[7124],,,,
20220804_SD05_5685.JPG,8/4/22,Zombies,[7124],,,,
20220804_SD05_5700.JPG,8/4/22,Zombies,"[81G, 59K, Unknown1]",,NN,,
20220804_SD05_5702.JPG,8/4/22,Zombies,"[81G, 59K]",,,,
20220804_SD05_5781.JPG,8/4/22,Zombies,[110E],,,,
20220804_SD05_5782.JPG,8/4/22,Zombies,[110E],,,,
20220804_SD05_5783.JPG,8/4/22,Zombies,[110E],,,,
20220804_SD05_5784.JPG,8/4/22,Zombies,[110E],,,,
20220804_SD05_5786.JPG,8/4/22,Zombies,[110E],,,,
20220804_SD05_5787.JPG,8/4/22,Zombies,[110E],,,,
20220804_SD05_5789.JPG,8/4/22,Zombies,[110E],,,,
20220804_SD05_5790.JPG,8/4/22,Zombies,[110E],,,,
20220804_SD05_5795.JPG,8/4/22,Zombies,"[110E, Unknown1]",,NN,,
20220804_SD05_5797.JPG,8/4/22,Zombies,"[110E, Unknown1]",,NN,,
20220804_SD05_5798.JPG,8/4/22,Zombies,"[110E, Unknown1]",,NN,,
20220804_SD05_5802.JPG,8/4/22,Zombies,"[7124, Unknown1]",,Adult Female,,Triangle
20220804_SD05_5803.JPG,8/4/22,Zombies,"[7124, Unknown1]",,Adult Female,,Triangle
20220804_SD05_5804.JPG,8/4/22,Zombies,"[7124, Unknown1]",,Adult Female,,Triangle
20220804_SD05_5807.JPG,8/4/22,Zombies,"[67G, 81G]",,,,
20220804_SD05_5813.JPG,8/4/22,Zombies,[110E],,,,
20220804_SD05_5821.JPG,8/4/22,Zombies,[110E],,,,
20220804_SD05_5823.JPG,8/4/22,Zombies,[110E],,,,
20220804_SD05_5834.JPG,8/4/22,Zombies,"[72X, 129K]",,,,
20220804_SD05_5835.JPG,8/4/22,Zombies,"[72X, 129K]",,,,
20220804_SD05_5836.JPG,8/4/22,Zombies,"[72X, 129K]",,,,
20220804_SD05_5837.JPG,8/4/22,Zombies,"[72X, 129K]",,,,
20220804_SD05_5851.JPG,8/4/22,Zombies,[7124],,,,
20220804_SD05_5852.JPG,8/4/22,Zombies,[7124],,,,
20220804_SD05_5853.JPG,8/4/22,Zombies,[7124],,,,
20220804_SD05_5855.JPG,8/4/22,Zombies,[7124],,,,
20220804_SD05_5864.JPG,8/4/22,Zombies,[7124],,,,
20220804_SD05_5865.JPG,8/4/22,Zombies,[7124],,,,
20220804_SD05_5866.JPG,8/4/22,Zombies,[7124],,,,
20220804_SD05_5867.JPG,8/4/22,Zombies,[7124],,,,
20220804_SD05_5868.JPG,8/4/22,Zombies,[7124],,,,
20220804_SD05_5869.JPG,8/4/22,Zombies,[7124],,,,
20220804_SD05_5870.JPG,8/4/22,Zombies,[7124],,,,
20220804_SD05_5871.JPG,8/4/22,Zombies,[7124],,,,
20220804_SD05_5872.JPG,8/4/22,Zombies,[7124],,,,
20220804_SD05_5874.JPG,8/4/22,Zombies,"[81G, 59K, Unknown1]",,NN,,
20220804_SD05_5876.JPG,8/4/22,Zombies,"[69X, Unknown1]",,NN,,
20220804_SD05_5877.JPG,8/4/22,Zombies,[110E],Ziggs,,,
20220804_SD05_5878.JPG,8/4/22,Zombies,[110E],Ziggs,,,
20220804_SD05_5879.JPG,8/4/22,Zombies,[110E],Ziggs,,,
20220804_SD05_5880.JPG,8/4/22,Zombies,[7124],,,,
20220804_SD05_5882.JPG,8/4/22,Zombies,"[7124, 69X]",,,,
20220804_SD05_5884.JPG,8/4/22,Zombies,[69X],,,,
20220804_SD05_5885.JPG,8/4/22,Zombies,[69X],,,,
20220804_SD05_5886.JPG,8/4/22,Zombies,[69X],,,,
20220804_SD05_5888.JPG,8/4/22,Zombies,[69X],,,,
20220804_SD05_5889.JPG,8/4/22,Zombies,[7124],,,,
20220804_SD05_5892.JPG,8/4/22,Zombies,[94B],Grenade,,,
20220804_SD05_5893.JPG,8/4/22,Zombies,[94B],Grenade,,,
20220804_SD05_5897.JPG,8/4/22,Zombies,"[94B, 98K]",Grenade,,,
20220804_SD05_5898.JPG,8/4/22,Zombies,[69X],,,,
20220804_SD05_5899.JPG,8/4/22,Zombies,[7124],,,,
20220804_SD05_5901.JPG,8/4/22,Zombies,[7124],,,,
20220804_SD05_5904.JPG,8/4/22,Zombies,"[94B, 98K]",Grenade,,,
20220804_SD05_5909.JPG,8/4/22,Zombies,"[69X, 81G, 59K]",,,,
20220804_SD05_5910.JPG,8/4/22,Zombies,"[69X, 81G, 59K]",,,,
20220804_SD05_5911.JPG,8/4/22,Zombies,"[69X, 81G, 59K]",,,,
20220804_SD05_5912.JPG,8/4/22,Zombies,"[69X, 81G, 59K]",,,,
20220804_SD05_5914.JPG,8/4/22,Zombies,[69X],Ziggs,,,
20220804_SD05_5916.JPG,8/4/22,Zombies,[110E],,,,
20220804_SD05_5917.JPG,8/4/22,Zombies,[110E],,,,
20220804_SD05_5919.JPG,8/4/22,Zombies,[110E],,,,
20220804_SD05_5923.JPG,8/4/22,Zombies,[69X],Ziggs,,,
20220804_SD05_5924.JPG,8/4/22,Zombies,[69X],Ziggs,,,
20220804_SD05_5926.JPG,8/4/22,Zombies,[69X],Ziggs,,,
20220804_SD05_5927.JPG,8/4/22,Zombies,[110E],,,,
20220804_SD05_5928.JPG,8/4/22,Zombies,[69X],Ziggs,,,
20220804_SD05_5933.JPG,8/4/22,Zombies,[143H],,,,
20220804_SD05_5934.JPG,8/4/22,Zombies,[143H],,,,
20220804_SD05_5935.JPG,8/4/22,Zombies,"[143H, Unknown1]",,NN,,
20220804_SD05_5937.JPG,8/4/22,Zombies,[143H],,,,
20220804_SD05_5938.JPG,8/4/22,Zombies,[69X],,,,
20220804_SD05_5939.JPG,8/4/22,Zombies,[143H],,,,
20220803_SD04_5267.JPG,8/3/22,Zombies,"[72X, 129K]",,,,
20220803_SD04_5268.JPG,8/3/22,Zombies,"[94B, 98K]",,,,
20220803_SD04_5269.JPG,8/3/22,Zombies,"[94B, 98K]",,,,
20220803_SD04_5270.JPG,8/3/22,Zombies,[94B],,,,
20220803_SD04_5271.JPG,8/3/22,Zombies,[94B],,,,
20220803_SD04_5272.JPG,8/3/22,Zombies,[94B],,,,
20220803_SD04_5273.JPG,8/3/22,Zombies,[94B],,,,
20220803_SD04_5274.JPG,8/3/22,Zombies,[94B],,,,
20220803_SD04_5275.JPG,8/3/22,Zombies,[94B],,,,
20220803_SD04_5276.JPG,8/3/22,Zombies,"[94B, 98K]",,,,
20220803_SD04_5277.JPG,8/3/22,Zombies,"[94B, 98K]",,,,
20220803_SD04_5278.JPG,8/3/22,Zombies,"[94B, 98K]",,,,
20220803_SD04_5279.JPG,8/3/22,Zombies,"[94B, 98K]",,,,
20220803_SD04_5280.JPG,8/3/22,Zombies,"[94B, 98K]",,,,
20220803_SD04_5281.JPG,8/3/22,Zombies,"[94B, 98K]",,,,
20220803_SD04_5282.JPG,8/3/22,Zombies,"[94B, 98K]",,,,